age,max_play_time,max_players,min_play_time,min_players,url,weight
"minage"":""8","maxplaytime"":""20","maxplayers"":""4","minplaytime"":""20","minplayers"":""2",https://boardgamegeek.com/boardgame/124598/maya/credits,"""averageweight"":1.6666666666666667"
"minage"":""8","maxplaytime"":""30","maxplayers"":""6","minplaytime"":""30","minplayers"":""2",https://boardgamegeek.com/boardgame/101685/dead-fellas/credits,"""averageweight"":1.3333333333333333"
"minage"":""8","maxplaytime"":""20","maxplayers"":""4","minplaytime"":""20","minplayers"":""2",https://boardgamegeek.com/boardgame/168436/pieces-montees/credits,"""averageweight"":2.5"
"minage"":""12","maxplaytime"":""60","maxplayers"":""2","minplaytime"":""60","minplayers"":""2",https://boardgamegeek.com/boardgame/8067/royalists-roundheads-iii/credits,"""averageweight"":2.5"
"minage"":""0","maxplaytime"":""300","maxplayers"":""2","minplaytime"":""300","minplayers"":""2",https://boardgamegeek.com/boardgame/31556/russo-swedish-war/credits,
"minage"":""12","maxplaytime"":""60","maxplayers"":""8","minplaytime"":""60","minplayers"":""4",https://boardgamegeek.com/boardgame/965/ben-hurt/credits,"""averageweight"":1.7407407407407407"
"minage"":""0","maxplaytime"":""240","maxplayers"":""2","minplaytime"":""120","minplayers"":""2",https://boardgamegeek.com/boardgame/20710/tiger-malaya/credits,"""averageweight"":3.375"
"minage"":""10","maxplaytime"":""90","maxplayers"":""5","minplaytime"":""90","minplayers"":""1",https://boardgamegeek.com/boardgame/3535/nightmare-house/credits,
"minage"":""4","maxplaytime"":""10","maxplayers"":""4","minplaytime"":""10","minplayers"":""2",https://boardgamegeek.com/boardgame/30951/nanu/credits,
"minage"":""0","maxplaytime"":""30","maxplayers"":""4","minplaytime"":""30","minplayers"":""2",https://boardgamegeek.com/boardgame/35618/gi-joe-commando-attack/credits,"""averageweight"":1.3999999999999999"
"minage"":""10","maxplaytime"":""180","maxplayers"":""8","minplaytime"":""180","minplayers"":""2",https://boardgamegeek.com/boardgame/611/ironman-football/credits,"""averageweight"":2.2000000000000002"
"minage"":""10","maxplaytime"":""45","maxplayers"":""6","minplaytime"":""45","minplayers"":""2",https://boardgamegeek.com/boardgame/10188/sale-century-quizzard/credits,
"minage"":""10","maxplaytime"":""60","maxplayers"":""4","minplaytime"":""60","minplayers"":""2",https://boardgamegeek.com/boardgame/500/mark/credits,"""averageweight"":1.3333333333333333"
"minage"":""8","maxplaytime"":""60","maxplayers"":""4","minplaytime"":""60","minplayers"":""2",https://boardgamegeek.com/boardgame/9018/trafalgar/credits,"""averageweight"":1.5"
"minage"":""8","maxplaytime"":""60","maxplayers"":""4","minplaytime"":""60","minplayers"":""2",https://boardgamegeek.com/boardgame/5897/lie-detector/credits,"""averageweight"":1.3076923076923077"
"minage"":""0","maxplaytime"":""180","maxplayers"":""2","minplaytime"":""180","minplayers"":""2",https://boardgamegeek.com/boardgame/34713/desert-duel-first-alamein/credits,"""averageweight"":1.9090909090909092"
"minage"":""12","maxplaytime"":""0","maxplayers"":""2","minplaytime"":""0","minplayers"":""2",https://boardgamegeek.com/boardgame/15430/marignan-1515/credits,"""averageweight"":2.7777777777777777"
"minage"":""12","maxplaytime"":""120","maxplayers"":""2","minplaytime"":""120","minplayers"":""1",https://boardgamegeek.com/boardgame/9233/royalists-roundheads/credits,"""averageweight"":2.5833333333333335"
"minage"":""6","maxplaytime"":""20","maxplayers"":""4","minplaytime"":""20","minplayers"":""2",https://boardgamegeek.com/boardgame/285166/bear-down/credits,
"minage"":""17","maxplaytime"":""45","maxplayers"":""8","minplaytime"":""45","minplayers"":""3",https://boardgamegeek.com/boardgame/144378/help-wanted/credits,
"minage"":""13","maxplaytime"":""60","maxplayers"":""6","minplaytime"":""60","minplayers"":""2",https://boardgamegeek.com/boardgame/5858/clue-ii-murder-disguise-vcr-mystery-game/credits,"""averageweight"":2.2999999999999998"
"minage"":""10","maxplaytime"":""45","maxplayers"":""4","minplaytime"":""45","minplayers"":""2",https://boardgamegeek.com/boardgame/14377/windschatten/credits,"""averageweight"":1.3999999999999999"
"minage"":""12","maxplaytime"":""90","maxplayers"":""8","minplaytime"":""90","minplayers"":""2",https://boardgamegeek.com/boardgame/13363/cav-combat-assault-vehicle/credits,"""averageweight"":2.8333333333333335"
"minage"":""6","maxplaytime"":""15","maxplayers"":""6","minplaytime"":""10","minplayers"":""2",https://boardgamegeek.com/boardgame/160470/ice-cream-combo/credits,
"minage"":""8","maxplaytime"":""30","maxplayers"":""5","minplaytime"":""20","minplayers"":""2",https://boardgamegeek.com/boardgame/284684/evidence/credits,"""averageweight"":1.3333333333333333"
"minage"":""13","maxplaytime"":""60","maxplayers"":""6","minplaytime"":""60","minplayers"":""3",https://boardgamegeek.com/boardgame/76447/five-fingered-severance/credits,
"minage"":""6","maxplaytime"":""30","maxplayers"":""2","minplaytime"":""30","minplayers"":""2",https://boardgamegeek.com/boardgame/13715/surakarta/credits,"""averageweight"":1.5714285714285714"
"minage"":""15","maxplaytime"":""45","maxplayers"":""8","minplaytime"":""45","minplayers"":""3",https://boardgamegeek.com/boardgame/168728/hen-commandments/credits,
"minage"":""10","maxplaytime"":""60","maxplayers"":""6","minplaytime"":""60","minplayers"":""2",https://boardgamegeek.com/boardgame/36599/level/credits,"""averageweight"":1.3999999999999999"
"minage"":""6","maxplaytime"":""0","maxplayers"":""7","minplaytime"":""0","minplayers"":""2",https://boardgamegeek.com/boardgame/218612/face-de-bouc/credits,
"minage"":""10","maxplaytime"":""120","maxplayers"":""4","minplaytime"":""60","minplayers"":""2",https://boardgamegeek.com/boardgame/69721/scrabble-trickster/credits,"""averageweight"":2.3333333333333335"
"minage"":""8","maxplaytime"":""10","maxplayers"":""2","minplaytime"":""10","minplayers"":""2",https://boardgamegeek.com/boardgame/126471/nowhere-go/credits,"""averageweight"":1.3333333333333333"
"minage"":""14","maxplaytime"":""30","maxplayers"":""4","minplaytime"":""15","minplayers"":""2",https://boardgamegeek.com/boardgame/231196/laurel-crown/credits,
"minage"":""12","maxplaytime"":""90","maxplayers"":""5","minplaytime"":""90","minplayers"":""2",https://boardgamegeek.com/boardgame/132261/cosmic-empires/credits,
"minage"":""13","maxplaytime"":""20","maxplayers"":""7","minplaytime"":""10","minplayers"":""3",https://boardgamegeek.com/boardgame/208360/venture-party/credits,
"minage"":""8","maxplaytime"":""50","maxplayers"":""5","minplaytime"":""50","minplayers"":""2",https://boardgamegeek.com/boardgame/160608/dungeon-bazar/credits,"""averageweight"":2.3636363636363638"
"minage"":""13","maxplaytime"":""150","maxplayers"":""6","minplaytime"":""60","minplayers"":""3",https://boardgamegeek.com/boardgame/233144/manipulate/credits,"""averageweight"":1.75"
"minage"":""8","maxplaytime"":""60","maxplayers"":""9","minplaytime"":""30","minplayers"":""3",https://boardgamegeek.com/boardgame/185769/remember-when/credits,"""averageweight"":1.5"
"minage"":""12","maxplaytime"":""45","maxplayers"":""2","minplaytime"":""45","minplayers"":""2",https://boardgamegeek.com/boardgame/10836/moguli/credits,"""averageweight"":3.5"
"minage"":""8","maxplaytime"":""20","maxplayers"":""10","minplaytime"":""20","minplayers"":""2",https://boardgamegeek.com/boardgame/5707/cuckoo-zoo/credits,
"minage"":""10","maxplaytime"":""90","maxplayers"":""6","minplaytime"":""15","minplayers"":""2",https://boardgamegeek.com/boardgame/198886/warage-extended-edition/credits,
"minage"":""7","maxplaytime"":""10","maxplayers"":""10","minplaytime"":""10","minplayers"":""2",https://boardgamegeek.com/boardgame/25204/uno-cars/credits,"""averageweight"":1.25"
"minage"":""6","maxplaytime"":""30","maxplayers"":""5","minplaytime"":""30","minplayers"":""2",https://boardgamegeek.com/boardgame/124647/top-pizza-flicking-game/credits,"""averageweight"":1.1111111111111112"
"minage"":""0","maxplaytime"":""0","maxplayers"":""8","minplaytime"":""0","minplayers"":""2",https://boardgamegeek.com/boardgame/63497/pochspiel/credits,"""averageweight"":1.5"
"minage"":""12","maxplaytime"":""75","maxplayers"":""4","minplaytime"":""40","minplayers"":""1",https://boardgamegeek.com/boardgame/196234/clash-dardeche/credits,"""averageweight"":2.5"
"minage"":""10","maxplaytime"":""30","maxplayers"":""4","minplaytime"":""20","minplayers"":""2",https://boardgamegeek.com/boardgame/259638/10-latidos/credits,
"minage"":""10","maxplaytime"":""90","maxplayers"":""4","minplaytime"":""45","minplayers"":""1",https://boardgamegeek.com/boardgame/264858/moonshine-empire/credits,
"minage"":""14","maxplaytime"":""40","maxplayers"":""6","minplaytime"":""40","minplayers"":""2",https://boardgamegeek.com/boardgame/140244/chains-champions/credits,"""averageweight"":2.5"
"minage"":""14","maxplaytime"":""60","maxplayers"":""4","minplaytime"":""30","minplayers"":""2",https://boardgamegeek.com/boardgame/193029/tiffin/credits,
"minage"":""12","maxplaytime"":""120","maxplayers"":""2","minplaytime"":""120","minplayers"":""2",https://boardgamegeek.com/boardgame/16272/little-round-top/credits,"""averageweight"":2.625"
"minage"":""10","maxplaytime"":""60","maxplayers"":""6","minplaytime"":""20","minplayers"":""3",https://boardgamegeek.com/boardgame/181928/last-front-strategy-card-game/credits,
"minage"":""10","maxplaytime"":""60","maxplayers"":""10","minplaytime"":""30","minplayers"":""4",https://boardgamegeek.com/boardgame/217538/docteur-pilule/credits,
"minage"":""12","maxplaytime"":""120","maxplayers"":""2","minplaytime"":""120","minplayers"":""2",https://boardgamegeek.com/boardgame/7386/wake-island/credits,"""averageweight"":2.625"
"minage"":""12","maxplaytime"":""240","maxplayers"":""2","minplaytime"":""240","minplayers"":""2",https://boardgamegeek.com/boardgame/42275/black-prince-crecy-navarette/credits,"""averageweight"":3.25"
"minage"":""14","maxplaytime"":""30","maxplayers"":""5","minplaytime"":""30","minplayers"":""2",https://boardgamegeek.com/boardgame/88960/godzilla-stomp/credits,"""averageweight"":1.1428571428571428"
"minage"":""8","maxplaytime"":""30","maxplayers"":""4","minplaytime"":""30","minplayers"":""3",https://boardgamegeek.com/boardgame/38524/kimaloe/credits,"""averageweight"":1.8"
"minage"":""0","maxplaytime"":""10","maxplayers"":""2","minplaytime"":""10","minplayers"":""2",https://boardgamegeek.com/boardgame/3540/tic-tac-chec/credits,"""averageweight"":2.1666666666666665"
"minage"":""7","maxplaytime"":""30","maxplayers"":""5","minplaytime"":""20","minplayers"":""2",https://boardgamegeek.com/boardgame/191923/roadkill/credits,
"minage"":""8","maxplaytime"":""50","maxplayers"":""4","minplaytime"":""30","minplayers"":""2",https://boardgamegeek.com/boardgame/259525/mystical-seeds/credits,
"minage"":""4","maxplaytime"":""15","maxplayers"":""7","minplaytime"":""15","minplayers"":""2",https://boardgamegeek.com/boardgame/16403/catch-me/credits,
"minage"":""8","maxplaytime"":""20","maxplayers"":""2","minplaytime"":""20","minplayers"":""2",https://boardgamegeek.com/boardgame/1875/isolation/credits,"""averageweight"":1.6363636363636365"
"minage"":""10","maxplaytime"":""45","maxplayers"":""2","minplaytime"":""30","minplayers"":""2",https://boardgamegeek.com/boardgame/183197/serengeti-race-life/credits,
"minage"":""12","maxplaytime"":""30","maxplayers"":""5","minplaytime"":""30","minplayers"":""2",https://boardgamegeek.com/boardgame/32969/innsmouth-escape/credits,
"minage"":""10","maxplaytime"":""60","maxplayers"":""5","minplaytime"":""60","minplayers"":""3",https://boardgamegeek.com/boardgame/31380/modern-society/credits,"""averageweight"":2.1176470588235294"
"minage"":""13","maxplaytime"":""180","maxplayers"":""6","minplaytime"":""180","minplayers"":""2",https://boardgamegeek.com/boardgame/1054/pacific-northwest-rails/credits,
"minage"":""0","maxplaytime"":""5","maxplayers"":""4","minplaytime"":""5","minplayers"":""2",https://boardgamegeek.com/boardgame/38466/reflection/credits,"""averageweight"":1.1428571428571428"
"minage"":""12","maxplaytime"":""0","maxplayers"":""2","minplaytime"":""0","minplayers"":""2",https://boardgamegeek.com/boardgame/11534/risorgimento-italys-wars-liberation-1848-1866/credits,"""averageweight"":3.3333333333333335"
"minage"":""8","maxplaytime"":""60","maxplayers"":""6","minplaytime"":""20","minplayers"":""2",https://boardgamegeek.com/boardgame/175274/labyrinth-paths-destiny-second-edition/credits,"""averageweight"":2.2857142857142856"
"minage"":""4","maxplaytime"":""10","maxplayers"":""0","minplaytime"":""10","minplayers"":""2",https://boardgamegeek.com/boardgame/148668/turbo-rally-card-racing/credits,"""averageweight"":1.25"
"minage"":""12","maxplaytime"":""120","maxplayers"":""2","minplaytime"":""120","minplayers"":""2",https://boardgamegeek.com/boardgame/8848/star-cruiser/credits,"""averageweight"":2.7272727272727271"
"minage"":""0","maxplaytime"":""480","maxplayers"":""2","minplaytime"":""120","minplayers"":""2",https://boardgamegeek.com/boardgame/11482/case-green/credits,"""averageweight"":2.4117647058823528"
"minage"":""8","maxplaytime"":""5","maxplayers"":""1","minplaytime"":""5","minplayers"":""1",https://boardgamegeek.com/boardgame/157838/roll-it-express/credits,"""averageweight"":1.0833333333333333"
"minage"":""0","maxplaytime"":""90","maxplayers"":""5","minplaytime"":""90","minplayers"":""2",https://boardgamegeek.com/boardgame/10783/official-dealer-mcdope-dealing-game/credits,
"minage"":""0","maxplaytime"":""0","maxplayers"":""0","minplaytime"":""0","minplayers"":""0",https://boardgamegeek.com/boardgame/91313/ataxx/credits,"""averageweight"":2.2222222222222223"
"minage"":""12","maxplaytime"":""120","maxplayers"":""2","minplaytime"":""120","minplayers"":""2",https://boardgamegeek.com/boardgame/9843/barbarossa-1941/credits,"""averageweight"":3.3999999999999999"
"minage"":""6","maxplaytime"":""15","maxplayers"":""4","minplaytime"":""5","minplayers"":""2",https://boardgamegeek.com/boardgame/42336/ultimate-tic-tac-toe/credits,"""averageweight"":2.25"
"minage"":""21","maxplaytime"":""10","maxplayers"":""4","minplaytime"":""10","minplayers"":""2",https://boardgamegeek.com/boardgame/227599/brew-dice/credits,
"minage"":""8","maxplaytime"":""40","maxplayers"":""2","minplaytime"":""40","minplayers"":""2",https://boardgamegeek.com/boardgame/93493/perigon/credits,"""averageweight"":2.5"
"minage"":""12","maxplaytime"":""20","maxplayers"":""15","minplaytime"":""20","minplayers"":""2",https://boardgamegeek.com/boardgame/127646/black-stories-mittelalter-edition/credits,"""averageweight"":1.75"
"minage"":""12","maxplaytime"":""45","maxplayers"":""5","minplaytime"":""45","minplayers"":""2",https://boardgamegeek.com/boardgame/2134/rage-second-edition/credits,"""averageweight"":2.1428571428571428"
"minage"":""4","maxplaytime"":""15","maxplayers"":""4","minplaytime"":""15","minplayers"":""2",https://boardgamegeek.com/boardgame/23695/robot-face-race/credits,
"minage"":""6","maxplaytime"":""20","maxplayers"":""4","minplaytime"":""20","minplayers"":""1",https://boardgamegeek.com/boardgame/136177/super-race/credits,"""averageweight"":1.25"
"minage"":""13","maxplaytime"":""30","maxplayers"":""10","minplaytime"":""30","minplayers"":""5",https://boardgamegeek.com/boardgame/164010/moriartys-machinations/credits,"""averageweight"":2.3333333333333335"
"minage"":""12","maxplaytime"":""360","maxplayers"":""3","minplaytime"":""360","minplayers"":""2",https://boardgamegeek.com/boardgame/6125/austerlitz-battle-3-emperors/credits,"""averageweight"":2.7999999999999998"
"minage"":""13","maxplaytime"":""45","maxplayers"":""10","minplaytime"":""45","minplayers"":""3",https://boardgamegeek.com/boardgame/69973/ticked/credits,"""averageweight"":1.1111111111111112"
"minage"":""6","maxplaytime"":""30","maxplayers"":""4","minplaytime"":""30","minplayers"":""2",https://boardgamegeek.com/boardgame/916/pete-pirate/credits,"""averageweight"":1.2222222222222223"
"minage"":""10","maxplaytime"":""45","maxplayers"":""6","minplaytime"":""20","minplayers"":""3",https://boardgamegeek.com/boardgame/209642/sherlock-holmes-and-moriartys-web/credits,"""averageweight"":1.6666666666666667"
"minage"":""10","maxplaytime"":""10","maxplayers"":""5","minplaytime"":""10","minplayers"":""2",https://boardgamegeek.com/boardgame/1171/ricochet/credits,"""averageweight"":1.2857142857142858"
"minage"":""13","maxplaytime"":""30","maxplayers"":""6","minplaytime"":""30","minplayers"":""1",https://boardgamegeek.com/boardgame/35017/chaos-isle-zombi-deck/credits,"""averageweight"":1.9166666666666667"
"minage"":""6","maxplaytime"":""45","maxplayers"":""6","minplaytime"":""20","minplayers"":""2",https://boardgamegeek.com/boardgame/232510/timberman/credits,
"minage"":""12","maxplaytime"":""60","maxplayers"":""2","minplaytime"":""60","minplayers"":""2",https://boardgamegeek.com/boardgame/73233/golan-last-syrian-offensive/credits,"""averageweight"":2.6666666666666665"
"minage"":""12","maxplaytime"":""45","maxplayers"":""2","minplaytime"":""45","minplayers"":""2",https://boardgamegeek.com/boardgame/5669/salvo/credits,
"minage"":""5","maxplaytime"":""15","maxplayers"":""7","minplaytime"":""15","minplayers"":""3",https://boardgamegeek.com/boardgame/67499/schlafmutze/credits,
"minage"":""10","maxplaytime"":""30","maxplayers"":""5","minplaytime"":""30","minplayers"":""2",https://boardgamegeek.com/boardgame/505/goldener-drache/credits,"""averageweight"":1.7777777777777777"
"minage"":""12","maxplaytime"":""30","maxplayers"":""5","minplaytime"":""30","minplayers"":""2",https://boardgamegeek.com/boardgame/4177/showbiz-shuffle/credits,"""averageweight"":1.6000000000000001"
"minage"":""11","maxplaytime"":""0","maxplayers"":""2","minplaytime"":""0","minplayers"":""2",https://boardgamegeek.com/boardgame/12811/strat-o-matic-college-football/credits,"""averageweight"":2.5"
"minage"":""8","maxplaytime"":""15","maxplayers"":""2","minplaytime"":""15","minplayers"":""2",https://boardgamegeek.com/boardgame/153107/masters-gridiron/credits,"""averageweight"":1.7777777777777777"
"minage"":""0","maxplaytime"":""60","maxplayers"":""1","minplaytime"":""60","minplayers"":""1",https://boardgamegeek.com/boardgame/136215/red-menace/credits,"""averageweight"":1.6000000000000001"
"minage"":""12","maxplaytime"":""0","maxplayers"":""0","minplaytime"":""0","minplayers"":""0",https://boardgamegeek.com/boardgame/11510/robert-bannockburn-battle-bannockburn-1314/credits,"""averageweight"":2.6666666666666665"
"minage"":""13","maxplaytime"":""90","maxplayers"":""6","minplaytime"":""60","minplayers"":""2",https://boardgamegeek.com/boardgame/160868/last-starfleet/credits,"""averageweight"":2.2000000000000002"
"minage"":""8","maxplaytime"":""45","maxplayers"":""8","minplaytime"":""30","minplayers"":""2",https://boardgamegeek.com/boardgame/205495/1001/credits,
"minage"":""12","maxplaytime"":""60","maxplayers"":""2","minplaytime"":""60","minplayers"":""2",https://boardgamegeek.com/boardgame/4139/rommels-panzers/credits,
"minage"":""8","maxplaytime"":""30","maxplayers"":""4","minplaytime"":""30","minplayers"":""2",https://boardgamegeek.com/boardgame/153388/faulpelz/credits,
"minage"":""7","maxplaytime"":""15","maxplayers"":""5","minplaytime"":""15","minplayers"":""3",https://boardgamegeek.com/boardgame/2833/wanted/credits,
"minage"":""12","maxplaytime"":""45","maxplayers"":""2","minplaytime"":""30","minplayers"":""2",https://boardgamegeek.com/boardgame/245058/neverland-rescue/credits,
"minage"":""10","maxplaytime"":""45","maxplayers"":""5","minplaytime"":""45","minplayers"":""3",https://boardgamegeek.com/boardgame/1936/paparazzo/credits,"""averageweight"":1.875"
"minage"":""14","maxplaytime"":""240","maxplayers"":""4","minplaytime"":""240","minplayers"":""2",https://boardgamegeek.com/boardgame/25665/red-russia/credits,"""averageweight"":3.1428571428571428"
"minage"":""6","maxplaytime"":""10","maxplayers"":""9","minplaytime"":""10","minplayers"":""3",https://boardgamegeek.com/boardgame/13818/jurassic-jumble/credits,"""averageweight"":1.3333333333333333"
"minage"":""8","maxplaytime"":""30","maxplayers"":""2","minplaytime"":""30","minplayers"":""2",https://boardgamegeek.com/boardgame/25470/summertime/credits,"""averageweight"":1.5833333333333333"
"minage"":""12","maxplaytime"":""120","maxplayers"":""2","minplaytime"":""120","minplayers"":""2",https://boardgamegeek.com/boardgame/5862/frigate-sea-war-age-sail/credits,"""averageweight"":3.1333333333333333"
"minage"":""12","maxplaytime"":""60","maxplayers"":""2","minplaytime"":""60","minplayers"":""1",https://boardgamegeek.com/boardgame/73243/kasserine-baptism-fire/credits,"""averageweight"":2.1666666666666665"
"minage"":""12","maxplaytime"":""30","maxplayers"":""6","minplaytime"":""30","minplayers"":""2",https://boardgamegeek.com/boardgame/156113/grim-end-manor/credits,"""averageweight"":1.5"
"minage"":""14","maxplaytime"":""180","maxplayers"":""4","minplaytime"":""30","minplayers"":""1",https://boardgamegeek.com/boardgame/252315/everrain/credits,
"minage"":""0","maxplaytime"":""60","maxplayers"":""6","minplaytime"":""60","minplayers"":""2",https://boardgamegeek.com/boardgame/34291/tridom/credits,
"minage"":""8","maxplaytime"":""45","maxplayers"":""5","minplaytime"":""30","minplayers"":""3",https://boardgamegeek.com/boardgame/272683/guardians-legends/credits,
"minage"":""12","maxplaytime"":""120","maxplayers"":""2","minplaytime"":""120","minplayers"":""2",https://boardgamegeek.com/boardgame/3245/cerberus-proxima-centauri-campaign/credits,"""averageweight"":2.625"
"minage"":""12","maxplaytime"":""360","maxplayers"":""4","minplaytime"":""360","minplayers"":""2",https://boardgamegeek.com/boardgame/6054/norge-first-battle-between-germans-and-allies/credits,"""averageweight"":3.6000000000000001"
"minage"":""12","maxplaytime"":""180","maxplayers"":""6","minplaytime"":""180","minplayers"":""2",https://boardgamegeek.com/boardgame/4740/run-silent-run-deep/credits,"""averageweight"":2.8333333333333335"
"minage"":""6","maxplaytime"":""0","maxplayers"":""4","minplaytime"":""15","minplayers"":""2",https://boardgamegeek.com/boardgame/241492/cubeez/credits,
"minage"":""14","maxplaytime"":""45","maxplayers"":""4","minplaytime"":""30","minplayers"":""2",https://boardgamegeek.com/boardgame/245240/goblin-grapple/credits,"""averageweight"":1.3333333333333333"
"minage"":""9","maxplaytime"":""60","maxplayers"":""4","minplaytime"":""60","minplayers"":""2",https://boardgamegeek.com/boardgame/129224/hero-versus-guardian-game-dungeon-craft/credits,
"minage"":""12","maxplaytime"":""120","maxplayers"":""4","minplaytime"":""60","minplayers"":""1",https://boardgamegeek.com/boardgame/287711/path-adventurers/credits,"""averageweight"":2.5"
"minage"":""10","maxplaytime"":""45","maxplayers"":""4","minplaytime"":""30","minplayers"":""2",https://boardgamegeek.com/boardgame/252373/azimuth-ride-winds/credits,
"minage"":""6","maxplaytime"":""10","maxplayers"":""2","minplaytime"":""10","minplayers"":""2",https://boardgamegeek.com/boardgame/210966/quadrum/credits,"""averageweight"":1.5"
"minage"":""10","maxplaytime"":""180","maxplayers"":""0","minplaytime"":""180","minplayers"":""2",https://boardgamegeek.com/boardgame/17807/inquisitor/credits,"""averageweight"":3.3125"
"minage"":""8","maxplaytime"":""40","maxplayers"":""2","minplaytime"":""20","minplayers"":""2",https://boardgamegeek.com/boardgame/180210/taktak/credits,
"minage"":""8","maxplaytime"":""60","maxplayers"":""6","minplaytime"":""30","minplayers"":""2",https://boardgamegeek.com/boardgame/182799/take-train/credits,"""averageweight"":1.6666666666666667"
"minage"":""12","maxplaytime"":""120","maxplayers"":""6","minplaytime"":""90","minplayers"":""2",https://boardgamegeek.com/boardgame/200825/glyph/credits,
"minage"":""13","maxplaytime"":""30","maxplayers"":""4","minplaytime"":""30","minplayers"":""2",https://boardgamegeek.com/boardgame/256967/shuffle-grand-prix/credits,"""averageweight"":1.5"
"minage"":""3","maxplaytime"":""20","maxplayers"":""8","minplaytime"":""20","minplayers"":""2",https://boardgamegeek.com/boardgame/8589/viele-dinge/credits,
"minage"":""12","maxplaytime"":""30","maxplayers"":""99","minplaytime"":""30","minplayers"":""4",https://boardgamegeek.com/boardgame/184525/obama-llama/credits,
"minage"":""12","maxplaytime"":""120","maxplayers"":""2","minplaytime"":""120","minplayers"":""2",https://boardgamegeek.com/boardgame/9861/france-1940/credits,"""averageweight"":2.75"
"minage"":""5","maxplaytime"":""20","maxplayers"":""1","minplaytime"":""20","minplayers"":""1",https://boardgamegeek.com/boardgame/113324/dungeon-delver/credits,
"minage"":""14","maxplaytime"":""45","maxplayers"":""6","minplaytime"":""30","minplayers"":""3",https://boardgamegeek.com/boardgame/280281/sinister-six/credits,"""averageweight"":1.6666666666666667"
"minage"":""10","maxplaytime"":""60","maxplayers"":""5","minplaytime"":""60","minplayers"":""2",https://boardgamegeek.com/boardgame/1580/legends-robin-hood/credits,"""averageweight"":1.5294117647058822"
"minage"":""12","maxplaytime"":""90","maxplayers"":""6","minplaytime"":""30","minplayers"":""1",https://boardgamegeek.com/boardgame/175468/foe-hunters/credits,"""averageweight"":2.5"
"minage"":""14","maxplaytime"":""60","maxplayers"":""0","minplaytime"":""60","minplayers"":""4",https://boardgamegeek.com/boardgame/41712/desafino/credits,"""averageweight"":1.3333333333333333"
"minage"":""10","maxplaytime"":""10","maxplayers"":""2","minplaytime"":""5","minplayers"":""2",https://boardgamegeek.com/boardgame/194998/mad-love/credits,
"minage"":""10","maxplaytime"":""30","maxplayers"":""2","minplaytime"":""30","minplayers"":""2",https://boardgamegeek.com/boardgame/47158/elemental-clash-basic-set/credits,"""averageweight"":1.625"
"minage"":""15","maxplaytime"":""60","maxplayers"":""5","minplaytime"":""60","minplayers"":""3",https://boardgamegeek.com/boardgame/150530/moteneba/credits,"""averageweight"":2.5"
"minage"":""12","maxplaytime"":""120","maxplayers"":""4","minplaytime"":""120","minplayers"":""2",https://boardgamegeek.com/boardgame/24042/la-caida-del-imperio-romano/credits,"""averageweight"":2.5"
"minage"":""6","maxplaytime"":""30","maxplayers"":""4","minplaytime"":""30","minplayers"":""2",https://boardgamegeek.com/boardgame/165447/ufo-farmer/credits,"""averageweight"":1.1666666666666667"
"minage"":""8","maxplaytime"":""30","maxplayers"":""4","minplaytime"":""30","minplayers"":""2",https://boardgamegeek.com/boardgame/130598/10-tage-durch-deutschland/credits,"""averageweight"":1.5"
"minage"":""0","maxplaytime"":""120","maxplayers"":""6","minplaytime"":""120","minplayers"":""2",https://boardgamegeek.com/boardgame/20732/la-conquista-del-oeste/credits,
"minage"":""10","maxplaytime"":""30","maxplayers"":""6","minplaytime"":""30","minplayers"":""2",https://boardgamegeek.com/boardgame/22594/universal-fighting-system-soul-calibur-iii/credits,"""averageweight"":2.4444444444444446"
"minage"":""0","maxplaytime"":""20","maxplayers"":""7","minplaytime"":""20","minplayers"":""2",https://boardgamegeek.com/boardgame/39245/neu/credits,
"minage"":""6","maxplaytime"":""60","maxplayers"":""6","minplaytime"":""60","minplayers"":""3",https://boardgamegeek.com/boardgame/7048/big-top/credits,"""averageweight"":1.5454545454545454"
"minage"":""8","maxplaytime"":""30","maxplayers"":""5","minplaytime"":""30","minplayers"":""3",https://boardgamegeek.com/boardgame/70325/major-four-heizei/credits,
"minage"":""7","maxplaytime"":""20","maxplayers"":""6","minplaytime"":""20","minplayers"":""3",https://boardgamegeek.com/boardgame/124372/le-petit-poucet/credits,"""averageweight"":1.2222222222222223"
"minage"":""10","maxplaytime"":""15","maxplayers"":""4","minplaytime"":""15","minplayers"":""1",https://boardgamegeek.com/boardgame/32025/einfach-genial-knobelspass/credits,"""averageweight"":1.7142857142857142"
"minage"":""8","maxplaytime"":""10","maxplayers"":""4","minplaytime"":""5","minplayers"":""2",https://boardgamegeek.com/boardgame/202896/package/credits,"""averageweight"":2.25"
"minage"":""0","maxplaytime"":""60","maxplayers"":""5","minplaytime"":""60","minplayers"":""3",https://boardgamegeek.com/boardgame/882/derby/credits,"""averageweight"":1.6666666666666667"
"minage"":""0","maxplaytime"":""60","maxplayers"":""5","minplaytime"":""60","minplayers"":""3",https://boardgamegeek.com/boardgame/39124/huang-dih-o-grande-imperador/credits,"""averageweight"":1.5"
"minage"":""10","maxplaytime"":""20","maxplayers"":""2","minplaytime"":""20","minplayers"":""2",https://boardgamegeek.com/boardgame/3557/steppe/credits,"""averageweight"":2.3999999999999999"
"minage"":""8","maxplaytime"":""15","maxplayers"":""6","minplaytime"":""15","minplayers"":""2",https://boardgamegeek.com/boardgame/218632/grumpf/credits,"""averageweight"":1.5"
"minage"":""8","maxplaytime"":""20","maxplayers"":""4","minplaytime"":""20","minplayers"":""2",https://boardgamegeek.com/boardgame/146204/ruckus-goblin-army-game/credits,"""averageweight"":2.2857142857142856"
"minage"":""12","maxplaytime"":""60","maxplayers"":""2","minplaytime"":""60","minplayers"":""1",https://boardgamegeek.com/boardgame/5437/raid-iran/credits,"""averageweight"":1.8571428571428572"
"minage"":""8","maxplaytime"":""40","maxplayers"":""6","minplaytime"":""15","minplayers"":""3",https://boardgamegeek.com/boardgame/185497/dwarves-trouble/credits,
"minage"":""8","maxplaytime"":""60","maxplayers"":""2","minplaytime"":""60","minplayers"":""2",https://boardgamegeek.com/boardgame/47475/ex-illis/credits,"""averageweight"":3.3333333333333335"
"minage"":""0","maxplaytime"":""30","maxplayers"":""4","minplaytime"":""30","minplayers"":""2",https://boardgamegeek.com/boardgame/587/sumera/credits,
"minage"":""5","maxplaytime"":""15","maxplayers"":""4","minplaytime"":""10","minplayers"":""2",https://boardgamegeek.com/boardgame/25758/truffel-schnuffel/credits,"""averageweight"":1.1428571428571428"
"minage"":""8","maxplaytime"":""0","maxplayers"":""4","minplaytime"":""30","minplayers"":""2",https://boardgamegeek.com/boardgame/257955/3x8/credits,
"minage"":""13","maxplaytime"":""60","maxplayers"":""4","minplaytime"":""60","minplayers"":""2",https://boardgamegeek.com/boardgame/35548/jumbulaya/credits,"""averageweight"":2.2000000000000002"
"minage"":""12","maxplaytime"":""0","maxplayers"":""2","minplaytime"":""0","minplayers"":""1",https://boardgamegeek.com/boardgame/12169/henry-v/credits,"""averageweight"":2.7999999999999998"
"minage"":""12","maxplaytime"":""0","maxplayers"":""8","minplaytime"":""0","minplayers"":""4",https://boardgamegeek.com/boardgame/155836/hollywood-game-night-party-game/credits,"""averageweight"":1.3333333333333333"
"minage"":""8","maxplaytime"":""20","maxplayers"":""5","minplaytime"":""20","minplayers"":""2",https://boardgamegeek.com/boardgame/93134/einfach-tierisch/credits,
"minage"":""5","maxplaytime"":""15","maxplayers"":""4","minplaytime"":""15","minplayers"":""2",https://boardgamegeek.com/boardgame/35481/suitcase-detectives/credits,"""averageweight"":1.5"
"minage"":""10","maxplaytime"":""60","maxplayers"":""8","minplaytime"":""5","minplayers"":""2",https://boardgamegeek.com/boardgame/226085/sailor-moon-crystal-dice-challenge/credits,"""averageweight"":1.5"
"minage"":""12","maxplaytime"":""45","maxplayers"":""8","minplaytime"":""45","minplayers"":""3",https://boardgamegeek.com/boardgame/3075/hamlet/credits,"""averageweight"":2.6666666666666665"
"minage"":""10","maxplaytime"":""10","maxplayers"":""8","minplaytime"":""1","minplayers"":""3",https://boardgamegeek.com/boardgame/101872/win-dont-lose/credits,"""averageweight"":1.25"
"minage"":""14","maxplaytime"":""90","maxplayers"":""4","minplaytime"":""60","minplayers"":""2",https://boardgamegeek.com/boardgame/218988/debtzilla/credits,"""averageweight"":2.25"
"minage"":""3","maxplaytime"":""0","maxplayers"":""4","minplaytime"":""0","minplayers"":""2",https://boardgamegeek.com/boardgame/41326/curious-george-discovery-beach-game/credits,
"minage"":""10","maxplaytime"":""45","maxplayers"":""5","minplaytime"":""45","minplayers"":""2",https://boardgamegeek.com/boardgame/2111/nix-fur-ungut/credits,"""averageweight"":1.3333333333333333"
"minage"":""9","maxplaytime"":""20","maxplayers"":""2","minplaytime"":""20","minplayers"":""2",https://boardgamegeek.com/boardgame/7181/myths-and-legends/credits,"""averageweight"":2.1428571428571428"
"minage"":""6","maxplaytime"":""30","maxplayers"":""4","minplaytime"":""20","minplayers"":""2",https://boardgamegeek.com/boardgame/20953/piratissimo/credits,"""averageweight"":1.25"
"minage"":""12","maxplaytime"":""90","maxplayers"":""2","minplaytime"":""90","minplayers"":""1",https://boardgamegeek.com/boardgame/6842/battles-ancient-world-marathon-and-granicus/credits,
"minage"":""8","maxplaytime"":""20","maxplayers"":""6","minplaytime"":""10","minplayers"":""2",https://boardgamegeek.com/boardgame/3924/smart-mouth/credits,"""averageweight"":1.4666666666666666"
"minage"":""8","maxplaytime"":""60","maxplayers"":""4","minplaytime"":""40","minplayers"":""2",https://boardgamegeek.com/boardgame/172509/asterix-obelix-das-grosse-abenteuer/credits,"""averageweight"":1.5"
"minage"":""10","maxplaytime"":""30","maxplayers"":""4","minplaytime"":""30","minplayers"":""2",https://boardgamegeek.com/boardgame/1993/troke/credits,"""averageweight"":2.1428571428571428"
"minage"":""10","maxplaytime"":""240","maxplayers"":""10","minplaytime"":""240","minplayers"":""1",https://boardgamegeek.com/boardgame/3731/stock-market-guru/credits,"""averageweight"":2.5333333333333332"
"minage"":""12","maxplaytime"":""180","maxplayers"":""2","minplaytime"":""180","minplayers"":""2",https://boardgamegeek.com/boardgame/7241/fight-sky/credits,
"minage"":""6","maxplaytime"":""40","maxplayers"":""5","minplaytime"":""10","minplayers"":""2",https://boardgamegeek.com/boardgame/215526/robotlab-card-game/credits,"""averageweight"":1.2"
"minage"":""7","maxplaytime"":""0","maxplayers"":""4","minplaytime"":""0","minplayers"":""3",https://boardgamegeek.com/boardgame/143200/jungle-speed-silver/credits,"""averageweight"":1.2"
"minage"":""8","maxplaytime"":""30","maxplayers"":""5","minplaytime"":""30","minplayers"":""3",https://boardgamegeek.com/boardgame/16389/undercut/credits,"""averageweight"":2.3333333333333335"
"minage"":""10","maxplaytime"":""120","maxplayers"":""33","minplaytime"":""120","minplayers"":""2",https://boardgamegeek.com/boardgame/1516/usac-auto-racing/credits,"""averageweight"":1.6666666666666667"
"minage"":""4","maxplaytime"":""10","maxplayers"":""2","minplaytime"":""10","minplayers"":""2",https://boardgamegeek.com/boardgame/19188/world-cup-cricket/credits,
"minage"":""8","maxplaytime"":""20","maxplayers"":""4","minplaytime"":""20","minplayers"":""2",https://boardgamegeek.com/boardgame/33723/lecardo/credits,"""averageweight"":1.1428571428571428"
"minage"":""6","maxplaytime"":""45","maxplayers"":""6","minplaytime"":""20","minplayers"":""3",https://boardgamegeek.com/boardgame/234465/potato-pirates/credits,"""averageweight"":1.8"
"minage"":""14","maxplaytime"":""120","maxplayers"":""4","minplaytime"":""60","minplayers"":""2",https://boardgamegeek.com/boardgame/256708/limbo-eternal-war/credits,"""averageweight"":2.75"
"minage"":""8","maxplaytime"":""60","maxplayers"":""4","minplaytime"":""45","minplayers"":""2",https://boardgamegeek.com/boardgame/235865/skogen/credits,
"minage"":""8","maxplaytime"":""15","maxplayers"":""6","minplaytime"":""15","minplayers"":""2",https://boardgamegeek.com/boardgame/131444/dice/credits,
"minage"":""18","maxplaytime"":""20","maxplayers"":""99","minplaytime"":""20","minplayers"":""4",https://boardgamegeek.com/boardgame/223222/midnight-taboo/credits,
"minage"":""8","maxplaytime"":""10","maxplayers"":""6","minplaytime"":""10","minplayers"":""2",https://boardgamegeek.com/boardgame/12280/geistesblitz/credits,"""averageweight"":1.3333333333333333"
"minage"":""12","maxplaytime"":""180","maxplayers"":""2","minplaytime"":""180","minplayers"":""2",https://boardgamegeek.com/boardgame/5059/gazala-clash-armor/credits,"""averageweight"":4.083333333333333"
"minage"":""10","maxplaytime"":""25","maxplayers"":""2","minplaytime"":""25","minplayers"":""2",https://boardgamegeek.com/boardgame/22305/sudoku-duell-der-meister/credits,"""averageweight"":2.2000000000000002"
"minage"":""8","maxplaytime"":""0","maxplayers"":""5","minplaytime"":""30","minplayers"":""2",https://boardgamegeek.com/boardgame/236114/hida-furukawa/credits,
"minage"":""7","maxplaytime"":""15","maxplayers"":""5","minplaytime"":""15","minplayers"":""3",https://boardgamegeek.com/boardgame/197893/crazy-mistigri/credits,
"minage"":""15","maxplaytime"":""60","maxplayers"":""8","minplaytime"":""60","minplayers"":""2",https://boardgamegeek.com/boardgame/4434/poll-game/credits,
"minage"":""12","maxplaytime"":""90","maxplayers"":""4","minplaytime"":""90","minplayers"":""2",https://boardgamegeek.com/boardgame/5859/minuteman-second-american-revolution/credits,"""averageweight"":3.5"
"minage"":""8","maxplaytime"":""35","maxplayers"":""4","minplaytime"":""20","minplayers"":""2",https://boardgamegeek.com/boardgame/182540/robots-rockets/credits,
"minage"":""10","maxplaytime"":""90","maxplayers"":""17","minplaytime"":""90","minplayers"":""2",https://boardgamegeek.com/boardgame/41587/erudit/credits,
"minage"":""7","maxplaytime"":""10","maxplayers"":""3","minplaytime"":""10","minplayers"":""2",https://boardgamegeek.com/boardgame/168220/deal-gentlemen-collectionneurs/credits,
"minage"":""6","maxplaytime"":""90","maxplayers"":""4","minplaytime"":""90","minplayers"":""2",https://boardgamegeek.com/boardgame/4892/dragon-strike/credits,"""averageweight"":1.1000000000000001"
"minage"":""8","maxplaytime"":""0","maxplayers"":""5","minplaytime"":""30","minplayers"":""2",https://boardgamegeek.com/boardgame/276459/kensington/credits,
"minage"":""6","maxplaytime"":""20","maxplayers"":""6","minplaytime"":""20","minplayers"":""2",https://boardgamegeek.com/boardgame/107464/kabuki/credits,"""averageweight"":1.1428571428571428"
"minage"":""10","maxplaytime"":""60","maxplayers"":""6","minplaytime"":""20","minplayers"":""2",https://boardgamegeek.com/boardgame/176651/cantankerous-cats/credits,
"minage"":""8","maxplaytime"":""120","maxplayers"":""6","minplaytime"":""120","minplayers"":""2",https://boardgamegeek.com/boardgame/26560/asalto-al-banco-de-inglaterra/credits,"""averageweight"":1.75"
"minage"":""8","maxplaytime"":""60","maxplayers"":""4","minplaytime"":""60","minplayers"":""2",https://boardgamegeek.com/boardgame/161887/amber-route/credits,"""averageweight"":1.5"
"minage"":""8","maxplaytime"":""30","maxplayers"":""5","minplaytime"":""20","minplayers"":""3",https://boardgamegeek.com/boardgame/229369/bobbidi-boom/credits,
"minage"":""8","maxplaytime"":""25","maxplayers"":""4","minplaytime"":""25","minplayers"":""2",https://boardgamegeek.com/boardgame/153432/bloder-sack/credits,"""averageweight"":1.2"
"minage"":""0","maxplaytime"":""180","maxplayers"":""6","minplaytime"":""180","minplayers"":""3",https://boardgamegeek.com/boardgame/10171/risiko-master/credits,
"minage"":""8","maxplaytime"":""40","maxplayers"":""4","minplaytime"":""40","minplayers"":""2",https://boardgamegeek.com/boardgame/165585/trakkx/credits,
"minage"":""6","maxplaytime"":""0","maxplayers"":""2","minplaytime"":""0","minplayers"":""2",https://boardgamegeek.com/boardgame/22205/trapture/credits,"""averageweight"":1.1666666666666667"
"minage"":""5","maxplaytime"":""15","maxplayers"":""5","minplaytime"":""15","minplayers"":""3",https://boardgamegeek.com/boardgame/33414/ghost-hunters/credits,
"minage"":""0","maxplaytime"":""40","maxplayers"":""2","minplaytime"":""40","minplayers"":""2",https://boardgamegeek.com/boardgame/25999/hus/credits,"""averageweight"":1.5"
"minage"":""12","maxplaytime"":""480","maxplayers"":""5","minplaytime"":""480","minplayers"":""1",https://boardgamegeek.com/boardgame/231/geronimo/credits,"""averageweight"":3.1666666666666665"
"minage"":""12","maxplaytime"":""15","maxplayers"":""2","minplaytime"":""15","minplayers"":""2",https://boardgamegeek.com/boardgame/205542/dark-castle/credits,
"minage"":""12","maxplaytime"":""60","maxplayers"":""6","minplaytime"":""60","minplayers"":""2",https://boardgamegeek.com/boardgame/145209/404-law-not-found/credits,"""averageweight"":2.3333333333333335"
"minage"":""12","maxplaytime"":""4","maxplayers"":""2","minplaytime"":""4","minplayers"":""2",https://boardgamegeek.com/boardgame/11125/marne-home-leaves-fall/credits,"""averageweight"":2.2999999999999998"
"minage"":""12","maxplaytime"":""45","maxplayers"":""6","minplaytime"":""45","minplayers"":""3",https://boardgamegeek.com/boardgame/15334/sags-mit-symbolen/credits,
"minage"":""0","maxplaytime"":""10","maxplayers"":""3","minplaytime"":""10","minplayers"":""2",https://boardgamegeek.com/boardgame/20642/cubicup/credits,"""averageweight"":2.3333333333333335"
"minage"":""12","maxplaytime"":""180","maxplayers"":""2","minplaytime"":""180","minplayers"":""2",https://boardgamegeek.com/boardgame/4455/great-invasion-gettysburg-campaign-june-24-july-3/credits,"""averageweight"":3.1666666666666665"
"minage"":""13","maxplaytime"":""30","maxplayers"":""6","minplaytime"":""30","minplayers"":""2",https://boardgamegeek.com/boardgame/170608/people-person/credits,
"minage"":""8","maxplaytime"":""20","maxplayers"":""6","minplaytime"":""10","minplayers"":""2",https://boardgamegeek.com/boardgame/218993/candy-match/credits,
"minage"":""7","maxplaytime"":""15","maxplayers"":""7","minplaytime"":""15","minplayers"":""2",https://boardgamegeek.com/boardgame/169574/zombie-run/credits,
"minage"":""10","maxplaytime"":""120","maxplayers"":""4","minplaytime"":""120","minplayers"":""1",https://boardgamegeek.com/boardgame/1628/elric/credits,"""averageweight"":2.4857142857142858"
"minage"":""5","maxplaytime"":""45","maxplayers"":""4","minplaytime"":""20","minplayers"":""1",https://boardgamegeek.com/boardgame/151530/golf-n-roll/credits,
"minage"":""8","maxplaytime"":""20","maxplayers"":""6","minplaytime"":""20","minplayers"":""2",https://boardgamegeek.com/boardgame/154682/gib-gas/credits,
"minage"":""13","maxplaytime"":""60","maxplayers"":""4","minplaytime"":""60","minplayers"":""2",https://boardgamegeek.com/boardgame/7081/portable-adventures-lair-rat-king/credits,"""averageweight"":1.375"
"minage"":""8","maxplaytime"":""30","maxplayers"":""6","minplaytime"":""30","minplayers"":""2",https://boardgamegeek.com/boardgame/4437/gaudi/credits,"""averageweight"":1.8333333333333333"
"minage"":""8","maxplaytime"":""0","maxplayers"":""9","minplaytime"":""0","minplayers"":""2",https://boardgamegeek.com/boardgame/59650/hatalom-kartyai-kartyajatek/credits,"""averageweight"":3.6666666666666665"
"minage"":""5","maxplaytime"":""10","maxplayers"":""4","minplaytime"":""10","minplayers"":""2",https://boardgamegeek.com/boardgame/1307/haunted-castle/credits,
"minage"":""5","maxplaytime"":""20","maxplayers"":""5","minplaytime"":""20","minplayers"":""2",https://boardgamegeek.com/boardgame/40958/6-nimmt-junior/credits,
"minage"":""10","maxplaytime"":""120","maxplayers"":""5","minplaytime"":""120","minplayers"":""1",https://boardgamegeek.com/boardgame/2599/valkenburg-castle/credits,"""averageweight"":2.0909090909090908"
"minage"":""6","maxplaytime"":""20","maxplayers"":""4","minplaytime"":""20","minplayers"":""2",https://boardgamegeek.com/boardgame/7973/my-haunted-castle/credits,"""averageweight"":1.1666666666666667"
"minage"":""10","maxplaytime"":""90","maxplayers"":""6","minplaytime"":""90","minplayers"":""3",https://boardgamegeek.com/boardgame/4281/freeloader/credits,"""averageweight"":1.5909090909090908"
"minage"":""0","maxplaytime"":""20","maxplayers"":""8","minplaytime"":""20","minplayers"":""2",https://boardgamegeek.com/boardgame/76085/unauthorized-production/credits,
"minage"":""0","maxplaytime"":""45","maxplayers"":""4","minplaytime"":""45","minplayers"":""2",https://boardgamegeek.com/boardgame/6342/switchboard/credits,
"minage"":""10","maxplaytime"":""60","maxplayers"":""6","minplaytime"":""30","minplayers"":""2",https://boardgamegeek.com/boardgame/202674/ore-city/credits,
"minage"":""8","maxplaytime"":""30","maxplayers"":""5","minplaytime"":""20","minplayers"":""1",https://boardgamegeek.com/boardgame/256915/dice-dragons/credits,
"minage"":""5","maxplaytime"":""20","maxplayers"":""4","minplaytime"":""15","minplayers"":""2",https://boardgamegeek.com/boardgame/180565/die-geheimnisvolle-drachenhohle/credits,
"minage"":""14","maxplaytime"":""120","maxplayers"":""5","minplaytime"":""120","minplayers"":""2",https://boardgamegeek.com/boardgame/3129/1876/credits,
"minage"":""10","maxplaytime"":""20","maxplayers"":""6","minplaytime"":""20","minplayers"":""2",https://boardgamegeek.com/boardgame/43080/miksi-juuri-mantsala/credits,"""averageweight"":1.3999999999999999"
"minage"":""12","maxplaytime"":""300","maxplayers"":""4","minplaytime"":""300","minplayers"":""2",https://boardgamegeek.com/boardgame/9784/cold-days-hell/credits,"""averageweight"":3.75"
"minage"":""7","maxplaytime"":""30","maxplayers"":""8","minplaytime"":""20","minplayers"":""3",https://boardgamegeek.com/boardgame/158760/quack-doodle-moo/credits,
"minage"":""14","maxplaytime"":""25","maxplayers"":""8","minplaytime"":""15","minplayers"":""2",https://boardgamegeek.com/boardgame/229736/ruiz/credits,"""averageweight"":1.3333333333333333"
"minage"":""10","maxplaytime"":""40","maxplayers"":""4","minplaytime"":""40","minplayers"":""2",https://boardgamegeek.com/boardgame/115944/another-damn-civilization-game/credits,"""averageweight"":1.7777777777777777"
"minage"":""4","maxplaytime"":""10","maxplayers"":""4","minplaytime"":""10","minplayers"":""1",https://boardgamegeek.com/boardgame/9343/stapelei/credits,
"minage"":""7","maxplaytime"":""20","maxplayers"":""5","minplaytime"":""20","minplayers"":""2",https://boardgamegeek.com/boardgame/90016/tricky/credits,"""averageweight"":1.1428571428571428"
"minage"":""4","maxplaytime"":""5","maxplayers"":""6","minplaytime"":""5","minplayers"":""1",https://boardgamegeek.com/boardgame/11195/karottenklau/credits,
"minage"":""13","maxplaytime"":""120","maxplayers"":""5","minplaytime"":""90","minplayers"":""2",https://boardgamegeek.com/boardgame/171862/vikings-board-game/credits,
"minage"":""6","maxplaytime"":""20","maxplayers"":""6","minplaytime"":""20","minplayers"":""2",https://boardgamegeek.com/boardgame/31070/horse-fair-card-game/credits,"""averageweight"":1.0909090909090908"
"minage"":""8","maxplaytime"":""30","maxplayers"":""4","minplaytime"":""30","minplayers"":""2",https://boardgamegeek.com/boardgame/142043/stack-attack/credits,"""averageweight"":2.1428571428571428"
"minage"":""13","maxplaytime"":""60","maxplayers"":""5","minplaytime"":""30","minplayers"":""1",https://boardgamegeek.com/boardgame/203170/unlocked-mansion-mana/credits,
"minage"":""8","maxplaytime"":""45","maxplayers"":""4","minplaytime"":""45","minplayers"":""2",https://boardgamegeek.com/boardgame/1076/captain-future/credits,"""averageweight"":1.5714285714285714"
"minage"":""12","maxplaytime"":""180","maxplayers"":""2","minplaytime"":""120","minplayers"":""2",https://boardgamegeek.com/boardgame/9398/war-games-rules-3000-bc-1485-ad/credits,"""averageweight"":3.9090909090909092"
"minage"":""6","maxplaytime"":""90","maxplayers"":""4","minplaytime"":""45","minplayers"":""2",https://boardgamegeek.com/boardgame/275634/dungeon-royale/credits,
"minage"":""14","maxplaytime"":""60","maxplayers"":""10","minplaytime"":""30","minplayers"":""3",https://boardgamegeek.com/boardgame/177002/buy-rights/credits,
"minage"":""10","maxplaytime"":""40","maxplayers"":""5","minplaytime"":""40","minplayers"":""2",https://boardgamegeek.com/boardgame/147892/councils-contracts/credits,"""averageweight"":2.6000000000000001"
"minage"":""12","maxplaytime"":""40","maxplayers"":""12","minplaytime"":""20","minplayers"":""6",https://boardgamegeek.com/boardgame/217863/unauthorized/credits,
"minage"":""8","maxplaytime"":""30","maxplayers"":""6","minplaytime"":""15","minplayers"":""2",https://boardgamegeek.com/boardgame/254029/grand-dog-park/credits,"""averageweight"":1.3333333333333333"
"minage"":""8","maxplaytime"":""20","maxplayers"":""2","minplaytime"":""10","minplayers"":""1",https://boardgamegeek.com/boardgame/186141/tong/credits,
"minage"":""12","maxplaytime"":""45","maxplayers"":""8","minplaytime"":""45","minplayers"":""2",https://boardgamegeek.com/boardgame/143520/monster-mansion/credits,"""averageweight"":1.9166666666666667"
"minage"":""6","maxplaytime"":""20","maxplayers"":""4","minplaytime"":""20","minplayers"":""2",https://boardgamegeek.com/boardgame/192352/super-vampire/credits,
"minage"":""12","maxplaytime"":""120","maxplayers"":""4","minplaytime"":""120","minplayers"":""2",https://boardgamegeek.com/boardgame/2907/james-clavells-tai-pan/credits,"""averageweight"":2.3333333333333335"
"minage"":""7","maxplaytime"":""0","maxplayers"":""10","minplaytime"":""0","minplayers"":""2",https://boardgamegeek.com/boardgame/209095/uno-super-mario/credits,
"minage"":""5","maxplaytime"":""20","maxplayers"":""2","minplaytime"":""20","minplayers"":""2",https://boardgamegeek.com/boardgame/21488/petteia/credits,"""averageweight"":2.1666666666666665"
"minage"":""5","maxplaytime"":""20","maxplayers"":""2","minplaytime"":""20","minplayers"":""2",https://boardgamegeek.com/boardgame/3457/tabula/credits,"""averageweight"":1.4545454545454546"
"minage"":""10","maxplaytime"":""30","maxplayers"":""4","minplaytime"":""30","minplayers"":""2",https://boardgamegeek.com/boardgame/29291/tako-judo/credits,
"minage"":""10","maxplaytime"":""60","maxplayers"":""4","minplaytime"":""60","minplayers"":""2",https://boardgamegeek.com/boardgame/2428/battle-cry/credits,"""averageweight"":1.6216216216216217"
"minage"":""0","maxplaytime"":""120","maxplayers"":""6","minplaytime"":""120","minplayers"":""2",https://boardgamegeek.com/boardgame/3325/chartbuster/credits,
"minage"":""14","maxplaytime"":""300","maxplayers"":""2","minplaytime"":""300","minplayers"":""2",https://boardgamegeek.com/boardgame/31557/egyptian-campaign/credits,"""averageweight"":2.5"
"minage"":""4","maxplaytime"":""40","maxplayers"":""5","minplaytime"":""20","minplayers"":""2",https://boardgamegeek.com/boardgame/251253/heroes-treasure/credits,"""averageweight"":1.5"
"minage"":""8","maxplaytime"":""35","maxplayers"":""4","minplaytime"":""35","minplayers"":""2",https://boardgamegeek.com/boardgame/112811/search-gnomes/credits,"""averageweight"":1.6000000000000001"
"minage"":""12","maxplaytime"":""15","maxplayers"":""4","minplaytime"":""15","minplayers"":""2",https://boardgamegeek.com/boardgame/274053/vintage-racers/credits,"""averageweight"":1.5"
"minage"":""10","maxplaytime"":""15","maxplayers"":""99","minplaytime"":""15","minplayers"":""2",https://boardgamegeek.com/boardgame/129988/overunder/credits,
"minage"":""10","maxplaytime"":""120","maxplayers"":""6","minplaytime"":""120","minplayers"":""3",https://boardgamegeek.com/boardgame/4579/pirates-des-caraibes/credits,
"minage"":""8","maxplaytime"":""15","maxplayers"":""4","minplaytime"":""15","minplayers"":""2",https://boardgamegeek.com/boardgame/14128/jupiter/credits,"""averageweight"":1.3333333333333333"
"minage"":""0","maxplaytime"":""10","maxplayers"":""1","minplaytime"":""10","minplayers"":""1",https://boardgamegeek.com/boardgame/64520/gongor-whist/credits,
"minage"":""10","maxplaytime"":""10","maxplayers"":""6","minplaytime"":""10","minplayers"":""2",https://boardgamegeek.com/boardgame/23777/pieces-eight/credits,"""averageweight"":1.7391304347826086"
"minage"":""7","maxplaytime"":""20","maxplayers"":""8","minplaytime"":""10","minplayers"":""3",https://boardgamegeek.com/boardgame/117885/chef-cuckoo/credits,
"minage"":""10","maxplaytime"":""60","maxplayers"":""4","minplaytime"":""15","minplayers"":""2",https://boardgamegeek.com/boardgame/197020/andoria-battlefields/credits,
"minage"":""10","maxplaytime"":""50","maxplayers"":""5","minplaytime"":""20","minplayers"":""1",https://boardgamegeek.com/boardgame/179600/fantasy-fantasy-baseball/credits,
"minage"":""0","maxplaytime"":""120","maxplayers"":""5","minplaytime"":""120","minplayers"":""2",https://boardgamegeek.com/boardgame/38390/exalted-legacy-unconquered-sun/credits,"""averageweight"":2.6875"
"minage"":""10","maxplaytime"":""0","maxplayers"":""2","minplaytime"":""0","minplayers"":""2",https://boardgamegeek.com/boardgame/29879/blood-sand/credits,"""averageweight"":1.8333333333333333"
"minage"":""10","maxplaytime"":""20","maxplayers"":""2","minplaytime"":""20","minplayers"":""2",https://boardgamegeek.com/boardgame/11404/letterflip/credits,"""averageweight"":1.3333333333333333"
"minage"":""12","maxplaytime"":""60","maxplayers"":""5","minplaytime"":""60","minplayers"":""3",https://boardgamegeek.com/boardgame/144310/artifact/credits,"""averageweight"":2.7000000000000002"
"minage"":""8","maxplaytime"":""60","maxplayers"":""6","minplaytime"":""60","minplayers"":""2",https://boardgamegeek.com/boardgame/1691/whodunit/credits,"""averageweight"":2.0769230769230771"
"minage"":""6","maxplaytime"":""15","maxplayers"":""5","minplaytime"":""10","minplayers"":""2",https://boardgamegeek.com/boardgame/224122/aves/credits,
"minage"":""14","maxplaytime"":""60","maxplayers"":""6","minplaytime"":""30","minplayers"":""3",https://boardgamegeek.com/boardgame/253568/kings-struggle/credits,
"minage"":""4","maxplaytime"":""10","maxplayers"":""6","minplaytime"":""10","minplayers"":""2",https://boardgamegeek.com/boardgame/91394/ring-ding-ding/credits,
"minage"":""0","maxplaytime"":""120","maxplayers"":""1","minplaytime"":""60","minplayers"":""1",https://boardgamegeek.com/boardgame/201144/merrills-marauders-commandos-burma-1943-1944/credits,
"minage"":""8","maxplaytime"":""30","maxplayers"":""5","minplaytime"":""30","minplayers"":""3",https://boardgamegeek.com/boardgame/201243/baby-blues/credits,
"minage"":""18","maxplaytime"":""60","maxplayers"":""99","minplaytime"":""15","minplayers"":""2",https://boardgamegeek.com/boardgame/255310/shit-happens-50-shades-shit/credits,
"minage"":""7","maxplaytime"":""20","maxplayers"":""4","minplaytime"":""10","minplayers"":""2",https://boardgamegeek.com/boardgame/261491/takla/credits,
"minage"":""12","maxplaytime"":""120","maxplayers"":""6","minplaytime"":""120","minplayers"":""2",https://boardgamegeek.com/boardgame/17836/warhammer-english-civil-war/credits,"""averageweight"":3.5"
"minage"":""8","maxplaytime"":""15","maxplayers"":""5","minplaytime"":""15","minplayers"":""1",https://boardgamegeek.com/boardgame/244910/brainwaves-astute-goose/credits,
"minage"":""0","maxplaytime"":""0","maxplayers"":""4","minplaytime"":""0","minplayers"":""2",https://boardgamegeek.com/boardgame/266747/challenge-superfriends-card-game/credits,"""averageweight"":1.3333333333333333"
"minage"":""12","maxplaytime"":""90","maxplayers"":""2","minplaytime"":""90","minplayers"":""2",https://boardgamegeek.com/boardgame/66533/turning-point/credits,"""averageweight"":1.75"
"minage"":""12","maxplaytime"":""240","maxplayers"":""4","minplaytime"":""240","minplayers"":""2",https://boardgamegeek.com/boardgame/9496/burma/credits,"""averageweight"":3.2222222222222223"
"minage"":""0","maxplaytime"":""240","maxplayers"":""2","minplaytime"":""240","minplayers"":""2",https://boardgamegeek.com/boardgame/4295/murfreesboro-game-battle-stones-river-december-31/credits,"""averageweight"":3.3333333333333335"
"minage"":""7","maxplaytime"":""45","maxplayers"":""6","minplaytime"":""45","minplayers"":""3",https://boardgamegeek.com/boardgame/10855/le-paresseux/credits,
"minage"":""10","maxplaytime"":""45","maxplayers"":""5","minplaytime"":""45","minplayers"":""3",https://boardgamegeek.com/boardgame/1173/millionenspiel/credits,"""averageweight"":1.1666666666666667"
"minage"":""8","maxplaytime"":""20","maxplayers"":""5","minplaytime"":""10","minplayers"":""2",https://boardgamegeek.com/boardgame/211882/beyond-gates-antares-dice-game/credits,"""averageweight"":1.6666666666666667"
"minage"":""8","maxplaytime"":""45","maxplayers"":""4","minplaytime"":""30","minplayers"":""2",https://boardgamegeek.com/boardgame/236480/nova/credits,
"minage"":""10","maxplaytime"":""120","maxplayers"":""6","minplaytime"":""120","minplayers"":""2",https://boardgamegeek.com/boardgame/23212/cockpit/credits,"""averageweight"":2.3999999999999999"
"minage"":""8","maxplaytime"":""30","maxplayers"":""5","minplaytime"":""30","minplayers"":""3",https://boardgamegeek.com/boardgame/292/attacke/credits,"""averageweight"":1.5"
"minage"":""12","maxplaytime"":""45","maxplayers"":""6","minplaytime"":""45","minplayers"":""2",https://boardgamegeek.com/boardgame/8279/death-angel/credits,
"minage"":""8","maxplaytime"":""20","maxplayers"":""2","minplaytime"":""20","minplayers"":""2",https://boardgamegeek.com/boardgame/130841/stratego-card-game/credits,"""averageweight"":1.3999999999999999"
"minage"":""13","maxplaytime"":""30","maxplayers"":""12","minplaytime"":""30","minplayers"":""2",https://boardgamegeek.com/boardgame/14585/scene-it-turner-classic-movies/credits,
"minage"":""14","maxplaytime"":""0","maxplayers"":""8","minplaytime"":""90","minplayers"":""3",https://boardgamegeek.com/boardgame/178177/orkensturm/credits,
"minage"":""12","maxplaytime"":""0","maxplayers"":""4","minplaytime"":""0","minplayers"":""2",https://boardgamegeek.com/boardgame/23081/herocard-cyberspace/credits,
"minage"":""5","maxplaytime"":""15","maxplayers"":""4","minplaytime"":""15","minplayers"":""2",https://boardgamegeek.com/boardgame/183344/ugah-ugah/credits,"""averageweight"":1.3999999999999999"
"minage"":""7","maxplaytime"":""40","maxplayers"":""5","minplaytime"":""30","minplayers"":""3",https://boardgamegeek.com/boardgame/273937/mopsen/credits,
"minage"":""7","maxplaytime"":""40","maxplayers"":""6","minplaytime"":""40","minplayers"":""2",https://boardgamegeek.com/boardgame/260931/go-go-eskimo/credits,
"minage"":""10","maxplaytime"":""30","maxplayers"":""6","minplaytime"":""20","minplayers"":""3",https://boardgamegeek.com/boardgame/218854/invisible-ink/credits,
"minage"":""8","maxplaytime"":""30","maxplayers"":""6","minplaytime"":""30","minplayers"":""3",https://boardgamegeek.com/boardgame/5854/azuma/credits,
"minage"":""8","maxplaytime"":""0","maxplayers"":""4","minplaytime"":""20","minplayers"":""2",https://boardgamegeek.com/boardgame/243437/cat/credits,
"minage"":""13","maxplaytime"":""30","maxplayers"":""2","minplaytime"":""30","minplayers"":""2",https://boardgamegeek.com/boardgame/49435/penny-arcade-card-game/credits,"""averageweight"":1.6000000000000001"
"minage"":""10","maxplaytime"":""90","maxplayers"":""4","minplaytime"":""90","minplayers"":""2",https://boardgamegeek.com/boardgame/529/charlemagne/credits,
"minage"":""0","maxplaytime"":""40","maxplayers"":""5","minplaytime"":""40","minplayers"":""2",https://boardgamegeek.com/boardgame/37059/charioteer/credits,"""averageweight"":2.25"
"minage"":""10","maxplaytime"":""30","maxplayers"":""8","minplaytime"":""30","minplayers"":""2",https://boardgamegeek.com/boardgame/15407/tatata/credits,"""averageweight"":1.25"
"minage"":""14","maxplaytime"":""60","maxplayers"":""6","minplaytime"":""60","minplayers"":""3",https://boardgamegeek.com/boardgame/131144/perfect-heist/credits,"""averageweight"":2.25"
"minage"":""6","maxplaytime"":""30","maxplayers"":""4","minplaytime"":""20","minplayers"":""2",https://boardgamegeek.com/boardgame/259342/luxantis/credits,
"minage"":""8","maxplaytime"":""20","maxplayers"":""2","minplaytime"":""20","minplayers"":""1",https://boardgamegeek.com/boardgame/8168/campus/credits,"""averageweight"":1.2"
"minage"":""18","maxplaytime"":""30","maxplayers"":""30","minplaytime"":""30","minplayers"":""4",https://boardgamegeek.com/boardgame/256640/hdp-hasta-donde-puedas/credits,
"minage"":""13","maxplaytime"":""90","maxplayers"":""5","minplaytime"":""90","minplayers"":""2",https://boardgamegeek.com/boardgame/94571/oh-gnome-you-dont/credits,"""averageweight"":1.5555555555555556"
"minage"":""12","maxplaytime"":""60","maxplayers"":""7","minplaytime"":""30","minplayers"":""2",https://boardgamegeek.com/boardgame/173673/legendary-showdown-machines-magic/credits,
"minage"":""12","maxplaytime"":""60","maxplayers"":""5","minplaytime"":""60","minplayers"":""2",https://boardgamegeek.com/boardgame/12372/shakespeare-bard-game/credits,"""averageweight"":1.8333333333333333"
"minage"":""8","maxplaytime"":""30","maxplayers"":""5","minplaytime"":""15","minplayers"":""3",https://boardgamegeek.com/boardgame/232385/rat-trap/credits,
"minage"":""10","maxplaytime"":""45","maxplayers"":""5","minplaytime"":""25","minplayers"":""3",https://boardgamegeek.com/boardgame/209447/barracuda/credits,
"minage"":""12","maxplaytime"":""45","maxplayers"":""6","minplaytime"":""45","minplayers"":""2",https://boardgamegeek.com/boardgame/43927/trivial-pursuit-team/credits,"""averageweight"":1.5714285714285714"
"minage"":""10","maxplaytime"":""30","maxplayers"":""4","minplaytime"":""30","minplayers"":""3",https://boardgamegeek.com/boardgame/213304/4-seasons/credits,
"minage"":""5","maxplaytime"":""20","maxplayers"":""5","minplaytime"":""20","minplayers"":""2",https://boardgamegeek.com/boardgame/136246/feuer-flamme/credits,"""averageweight"":1.6666666666666667"
"minage"":""8","maxplaytime"":""180","maxplayers"":""5","minplaytime"":""180","minplayers"":""3",https://boardgamegeek.com/boardgame/29676/monopoly-tropical-tycoon-dvd-game/credits,
"minage"":""10","maxplaytime"":""60","maxplayers"":""4","minplaytime"":""60","minplayers"":""2",https://boardgamegeek.com/boardgame/3552/infinity/credits,"""averageweight"":1.6666666666666667"
"minage"":""8","maxplaytime"":""60","maxplayers"":""5","minplaytime"":""20","minplayers"":""1",https://boardgamegeek.com/boardgame/189902/space-pioneers/credits,"""averageweight"":1.5"
"minage"":""14","maxplaytime"":""120","maxplayers"":""1","minplaytime"":""120","minplayers"":""1",https://boardgamegeek.com/boardgame/8756/eastern-front-solitaire/credits,"""averageweight"":2.5"
"minage"":""8","maxplaytime"":""20","maxplayers"":""4","minplaytime"":""20","minplayers"":""2",https://boardgamegeek.com/boardgame/20630/corintho/credits,"""averageweight"":1.5"
"minage"":""14","maxplaytime"":""45","maxplayers"":""15","minplaytime"":""45","minplayers"":""2",https://boardgamegeek.com/boardgame/110570/black-stories-7/credits,
"minage"":""6","maxplaytime"":""20","maxplayers"":""6","minplaytime"":""20","minplayers"":""2",https://boardgamegeek.com/boardgame/67144/frutti-di-mare/credits,
"minage"":""6","maxplaytime"":""60","maxplayers"":""6","minplaytime"":""60","minplayers"":""2",https://boardgamegeek.com/boardgame/32253/caveman/credits,"""averageweight"":1.7692307692307692"
"minage"":""12","maxplaytime"":""60","maxplayers"":""6","minplaytime"":""45","minplayers"":""3",https://boardgamegeek.com/boardgame/193695/let-them-eat-cake/credits,"""averageweight"":2.3333333333333335"
"minage"":""8","maxplaytime"":""40","maxplayers"":""8","minplaytime"":""20","minplayers"":""3",https://boardgamegeek.com/boardgame/264843/el-maestro/credits,"""averageweight"":1.3333333333333333"
"minage"":""8","maxplaytime"":""45","maxplayers"":""4","minplaytime"":""45","minplayers"":""2",https://boardgamegeek.com/boardgame/83117/kings-mithril/credits,
"minage"":""12","maxplaytime"":""120","maxplayers"":""6","minplaytime"":""120","minplayers"":""2",https://boardgamegeek.com/boardgame/4537/baston/credits,
"minage"":""12","maxplaytime"":""45","maxplayers"":""4","minplaytime"":""45","minplayers"":""2",https://boardgamegeek.com/boardgame/157014/essen/credits,"""averageweight"":2.5"
"minage"":""6","maxplaytime"":""60","maxplayers"":""4","minplaytime"":""60","minplayers"":""2",https://boardgamegeek.com/boardgame/42499/1000/credits,
"minage"":""0","maxplaytime"":""30","maxplayers"":""12","minplaytime"":""30","minplayers"":""3",https://boardgamegeek.com/boardgame/6365/totally-insane-card-game/credits,"""averageweight"":2.2857142857142856"
"minage"":""8","maxplaytime"":""20","maxplayers"":""5","minplaytime"":""20","minplayers"":""2",https://boardgamegeek.com/boardgame/150033/sheepzzz/credits,"""averageweight"":1.25"
"minage"":""12","maxplaytime"":""60","maxplayers"":""4","minplaytime"":""60","minplayers"":""2",https://boardgamegeek.com/boardgame/69823/demise-dr-frankenstein/credits,
"minage"":""8","maxplaytime"":""30","maxplayers"":""4","minplaytime"":""30","minplayers"":""2",https://boardgamegeek.com/boardgame/159410/alpha-bandits/credits,
"minage"":""8","maxplaytime"":""20","maxplayers"":""6","minplaytime"":""15","minplayers"":""1",https://boardgamegeek.com/boardgame/275188/cat-sudoku/credits,
"minage"":""13","maxplaytime"":""60","maxplayers"":""4","minplaytime"":""60","minplayers"":""2",https://boardgamegeek.com/boardgame/146245/kings-artifice/credits,"""averageweight"":2.7999999999999998"
"minage"":""14","maxplaytime"":""60","maxplayers"":""6","minplaytime"":""60","minplayers"":""4",https://boardgamegeek.com/boardgame/4272/punk-sucht-lady/credits,"""averageweight"":1.3333333333333333"
"minage"":""7","maxplaytime"":""0","maxplayers"":""5","minplaytime"":""20","minplayers"":""2",https://boardgamegeek.com/boardgame/224011/gold-armada/credits,
"minage"":""12","maxplaytime"":""120","maxplayers"":""2","minplaytime"":""120","minplayers"":""2",https://boardgamegeek.com/boardgame/7948/dark-ages-tactical-warfare-500-1300/credits,"""averageweight"":2.5833333333333335"
"minage"":""7","maxplaytime"":""45","maxplayers"":""4","minplaytime"":""45","minplayers"":""2",https://boardgamegeek.com/boardgame/84454/wer-wars-lost-das-ratsel-von-schraghausen/credits,"""averageweight"":1.5"
"minage"":""12","maxplaytime"":""0","maxplayers"":""2","minplaytime"":""0","minplayers"":""2",https://boardgamegeek.com/boardgame/11689/noble-armada/credits,"""averageweight"":2.75"
"minage"":""8","maxplaytime"":""20","maxplayers"":""4","minplaytime"":""20","minplayers"":""2",https://boardgamegeek.com/boardgame/198991/dragons/credits,"""averageweight"":1.5"
"minage"":""0","maxplaytime"":""10","maxplayers"":""2","minplaytime"":""10","minplayers"":""2",https://boardgamegeek.com/boardgame/24127/pokemon-trading-figure-game/credits,"""averageweight"":1.3571428571428572"
"minage"":""8","maxplaytime"":""30","maxplayers"":""4","minplaytime"":""30","minplayers"":""2",https://boardgamegeek.com/boardgame/3305/anticipation/credits,"""averageweight"":1.1818181818181819"
"minage"":""14","maxplaytime"":""20","maxplayers"":""6","minplaytime"":""20","minplayers"":""3",https://boardgamegeek.com/boardgame/61383/vertippt-nochmal/credits,
"minage"":""8","maxplaytime"":""30","maxplayers"":""2","minplaytime"":""30","minplayers"":""2",https://boardgamegeek.com/boardgame/1365/olix/credits,"""averageweight"":2.25"
"minage"":""14","maxplaytime"":""30","maxplayers"":""10","minplaytime"":""15","minplayers"":""2",https://boardgamegeek.com/boardgame/259554/spoilers-popcorn-edition/credits,
"minage"":""12","maxplaytime"":""240","maxplayers"":""2","minplaytime"":""240","minplayers"":""2",https://boardgamegeek.com/boardgame/10533/central-command-superpower-confrontation-straits-h/credits,"""averageweight"":3.1428571428571428"
"minage"":""8","maxplaytime"":""20","maxplayers"":""4","minplaytime"":""20","minplayers"":""2",https://boardgamegeek.com/boardgame/25795/hexago-continuo/credits,
"minage"":""6","maxplaytime"":""20","maxplayers"":""4","minplaytime"":""20","minplayers"":""2",https://boardgamegeek.com/boardgame/4580/who-going-do-dishes/credits,"""averageweight"":1.3333333333333333"
"minage"":""8","maxplaytime"":""15","maxplayers"":""6","minplaytime"":""15","minplayers"":""2",https://boardgamegeek.com/boardgame/17577/granny-apples/credits,"""averageweight"":1.3"
"minage"":""11","maxplaytime"":""90","maxplayers"":""6","minplaytime"":""90","minplayers"":""1",https://boardgamegeek.com/boardgame/68606/12-realms/credits,
"minage"":""12","maxplaytime"":""240","maxplayers"":""2","minplaytime"":""240","minplayers"":""2",https://boardgamegeek.com/boardgame/5994/tsushima/credits,"""averageweight"":2.5"
"minage"":""0","maxplaytime"":""150","maxplayers"":""4","minplaytime"":""150","minplayers"":""3",https://boardgamegeek.com/boardgame/11525/successors/credits,"""averageweight"":2.2307692307692308"
"minage"":""8","maxplaytime"":""90","maxplayers"":""4","minplaytime"":""40","minplayers"":""2",https://boardgamegeek.com/boardgame/139842/quinto-imperio/credits,"""averageweight"":1.5"
"minage"":""8","maxplaytime"":""15","maxplayers"":""2","minplaytime"":""15","minplayers"":""2",https://boardgamegeek.com/boardgame/139963/frogflip/credits,
"minage"":""8","maxplaytime"":""45","maxplayers"":""4","minplaytime"":""30","minplayers"":""2",https://boardgamegeek.com/boardgame/248421/sonic-hedgehog-crash-course/credits,"""averageweight"":2.3999999999999999"
"minage"":""12","maxplaytime"":""60","maxplayers"":""4","minplaytime"":""60","minplayers"":""2",https://boardgamegeek.com/boardgame/142584/moby-dick-or-card-game/credits,"""averageweight"":2.2000000000000002"
"minage"":""7","maxplaytime"":""45","maxplayers"":""4","minplaytime"":""45","minplayers"":""2",https://boardgamegeek.com/boardgame/4082/cant-stop-turtles/credits,
"minage"":""12","maxplaytime"":""180","maxplayers"":""4","minplaytime"":""120","minplayers"":""1",https://boardgamegeek.com/boardgame/11027/reich-iron-dream-german-unification/credits,"""averageweight"":2.8333333333333335"
"minage"":""0","maxplaytime"":""30","maxplayers"":""2","minplaytime"":""30","minplayers"":""2",https://boardgamegeek.com/boardgame/145872/vici/credits,
"minage"":""6","maxplaytime"":""15","maxplayers"":""4","minplaytime"":""15","minplayers"":""1",https://boardgamegeek.com/boardgame/168446/doggy-go/credits,
"minage"":""13","maxplaytime"":""60","maxplayers"":""2","minplaytime"":""60","minplayers"":""2",https://boardgamegeek.com/boardgame/94633/conquest-tactics/credits,"""averageweight"":2.7142857142857144"
"minage"":""5","maxplaytime"":""30","maxplayers"":""12","minplaytime"":""30","minplayers"":""1",https://boardgamegeek.com/boardgame/7920/snowstorm/credits,"""averageweight"":1.3999999999999999"
"minage"":""10","maxplaytime"":""60","maxplayers"":""4","minplaytime"":""60","minplayers"":""2",https://boardgamegeek.com/boardgame/3247/planet-busters/credits,"""averageweight"":1.6428571428571428"
"minage"":""8","maxplaytime"":""60","maxplayers"":""4","minplaytime"":""30","minplayers"":""2",https://boardgamegeek.com/boardgame/202589/chromosome/credits,"""averageweight"":2.8888888888888888"
"minage"":""12","maxplaytime"":""180","maxplayers"":""2","minplaytime"":""180","minplayers"":""2",https://boardgamegeek.com/boardgame/9181/tacforce/credits,"""averageweight"":3.7999999999999998"
"minage"":""7","maxplaytime"":""30","maxplayers"":""5","minplaytime"":""30","minplayers"":""1",https://boardgamegeek.com/boardgame/120801/nizam/credits,"""averageweight"":2.5"
"minage"":""8","maxplaytime"":""25","maxplayers"":""2","minplaytime"":""15","minplayers"":""2",https://boardgamegeek.com/boardgame/284862/beasty-borders/credits,
"minage"":""10","maxplaytime"":""30","maxplayers"":""4","minplaytime"":""30","minplayers"":""1",https://boardgamegeek.com/boardgame/2863/great-downhill-ski-game/credits,"""averageweight"":1.3333333333333333"
"minage"":""12","maxplaytime"":""120","maxplayers"":""6","minplaytime"":""120","minplayers"":""2",https://boardgamegeek.com/boardgame/1581/london-cabbie-game/credits,"""averageweight"":1.2"
"minage"":""8","maxplaytime"":""20","maxplayers"":""10","minplaytime"":""20","minplayers"":""2",https://boardgamegeek.com/boardgame/88900/yaniv/credits,"""averageweight"":1.3999999999999999"
"minage"":""10","maxplaytime"":""20","maxplayers"":""5","minplaytime"":""10","minplayers"":""3",https://boardgamegeek.com/boardgame/180238/revoltaaa/credits,"""averageweight"":1.1818181818181819"
"minage"":""12","maxplaytime"":""240","maxplayers"":""6","minplaytime"":""240","minplayers"":""3",https://boardgamegeek.com/boardgame/1884/fireside-football/credits,
"minage"":""0","maxplaytime"":""90","maxplayers"":""2","minplaytime"":""90","minplayers"":""2",https://boardgamegeek.com/boardgame/3499/3-d-chess/credits,
"minage"":""8","maxplaytime"":""45","maxplayers"":""4","minplaytime"":""25","minplayers"":""2",https://boardgamegeek.com/boardgame/215004/great-dragon-race/credits,
"minage"":""0","maxplaytime"":""240","maxplayers"":""5","minplaytime"":""240","minplayers"":""3",https://boardgamegeek.com/boardgame/42882/world-war-iv-one-world-one-king/credits,
"minage"":""10","maxplaytime"":""60","maxplayers"":""7","minplaytime"":""60","minplayers"":""4",https://boardgamegeek.com/boardgame/2149/renfield/credits,"""averageweight"":1.3529411764705883"
"minage"":""15","maxplaytime"":""60","maxplayers"":""5","minplaytime"":""20","minplayers"":""2",https://boardgamegeek.com/boardgame/190015/cthulhu-tales/credits,
"minage"":""12","maxplaytime"":""10","maxplayers"":""2","minplaytime"":""10","minplayers"":""2",https://boardgamegeek.com/boardgame/3970/battletech-science-fiction-combat-book-game/credits,"""averageweight"":1.7777777777777777"
"minage"":""10","maxplaytime"":""30","maxplayers"":""2","minplaytime"":""30","minplayers"":""2",https://boardgamegeek.com/boardgame/42352/morgans-comin/credits,"""averageweight"":1.4444444444444444"
"minage"":""8","maxplaytime"":""15","maxplayers"":""2","minplaytime"":""15","minplayers"":""2",https://boardgamegeek.com/boardgame/138206/how-many/credits,"""averageweight"":1.5"
"minage"":""12","maxplaytime"":""60","maxplayers"":""1","minplaytime"":""60","minplayers"":""1",https://boardgamegeek.com/boardgame/30081/salvo/credits,"""averageweight"":1.3333333333333333"
"minage"":""10","maxplaytime"":""20","maxplayers"":""8","minplaytime"":""20","minplayers"":""2",https://boardgamegeek.com/boardgame/163144/scheffeln/credits,"""averageweight"":1.6666666666666667"
"minage"":""14","maxplaytime"":""0","maxplayers"":""2","minplaytime"":""0","minplayers"":""2",https://boardgamegeek.com/boardgame/198142/tmnt-heroclix-mouser-mayhem-starter-set/credits,
"minage"":""12","maxplaytime"":""60","maxplayers"":""4","minplaytime"":""30","minplayers"":""2",https://boardgamegeek.com/boardgame/159502/island-dice/credits,
"minage"":""0","maxplaytime"":""15","maxplayers"":""6","minplaytime"":""15","minplayers"":""2",https://boardgamegeek.com/boardgame/146728/badass-zombie-killers/credits,
"minage"":""10","maxplaytime"":""60","maxplayers"":""4","minplaytime"":""30","minplayers"":""2",https://boardgamegeek.com/boardgame/273092/crumbs/credits,
"minage"":""6","maxplaytime"":""30","maxplayers"":""6","minplaytime"":""15","minplayers"":""2",https://boardgamegeek.com/boardgame/255696/jungle-race/credits,
"minage"":""10","maxplaytime"":""120","maxplayers"":""2","minplaytime"":""120","minplayers"":""2",https://boardgamegeek.com/boardgame/31604/civil-war-far-west-new-mexico-campaign-1862/credits,"""averageweight"":2.125"
"minage"":""0","maxplaytime"":""240","maxplayers"":""3","minplaytime"":""240","minplayers"":""1",https://boardgamegeek.com/boardgame/39545/reconquista-struggle-iberia-850-1250-ad/credits,"""averageweight"":2.7999999999999998"
"minage"":""12","maxplaytime"":""60","maxplayers"":""2","minplaytime"":""60","minplayers"":""2",https://boardgamegeek.com/boardgame/38826/santiago-campaign-1898/credits,"""averageweight"":2.3333333333333335"
"minage"":""0","maxplaytime"":""0","maxplayers"":""4","minplaytime"":""0","minplayers"":""2",https://boardgamegeek.com/boardgame/166333/primiera/credits,
"minage"":""12","maxplaytime"":""60","maxplayers"":""4","minplaytime"":""60","minplayers"":""2",https://boardgamegeek.com/boardgame/4979/blood-berets/credits,
"minage"":""6","maxplaytime"":""60","maxplayers"":""4","minplaytime"":""60","minplayers"":""2",https://boardgamegeek.com/boardgame/6988/nile/credits,"""averageweight"":1.7777777777777777"
"minage"":""12","maxplaytime"":""30","maxplayers"":""2","minplaytime"":""30","minplayers"":""2",https://boardgamegeek.com/boardgame/8863/horus-heresy-2003/credits,
"minage"":""14","maxplaytime"":""45","maxplayers"":""5","minplaytime"":""25","minplayers"":""2",https://boardgamegeek.com/boardgame/233048/zoomaka/credits,"""averageweight"":1.75"
"minage"":""8","maxplaytime"":""10","maxplayers"":""4","minplaytime"":""10","minplayers"":""1",https://boardgamegeek.com/boardgame/2731/upthrust/credits,"""averageweight"":1.3333333333333333"
"minage"":""4","maxplaytime"":""15","maxplayers"":""6","minplaytime"":""15","minplayers"":""2",https://boardgamegeek.com/boardgame/29107/hop-hop-hop/credits,
"minage"":""8","maxplaytime"":""15","maxplayers"":""6","minplaytime"":""15","minplayers"":""2",https://boardgamegeek.com/boardgame/194536/back-future-outatime/credits,
"minage"":""3","maxplaytime"":""30","maxplayers"":""6","minplaytime"":""30","minplayers"":""1",https://boardgamegeek.com/boardgame/24658/avanti-mare/credits,
"minage"":""5","maxplaytime"":""10","maxplayers"":""5","minplaytime"":""10","minplayers"":""2",https://boardgamegeek.com/boardgame/7947/lucky-catch/credits,"""averageweight"":1.3333333333333333"
"minage"":""5","maxplaytime"":""40","maxplayers"":""8","minplaytime"":""30","minplayers"":""3",https://boardgamegeek.com/boardgame/181476/grandpa-becks-nuts-about-mutts/credits,
"minage"":""8","maxplaytime"":""30","maxplayers"":""4","minplaytime"":""30","minplayers"":""2",https://boardgamegeek.com/boardgame/24826/zatre-das-kartenspiel/credits,"""averageweight"":1.4285714285714286"
"minage"":""12","maxplaytime"":""60","maxplayers"":""2","minplaytime"":""60","minplayers"":""2",https://boardgamegeek.com/boardgame/4245/asteroid-zero-four/credits,"""averageweight"":2.5714285714285716"
"minage"":""8","maxplaytime"":""25","maxplayers"":""4","minplaytime"":""25","minplayers"":""2",https://boardgamegeek.com/boardgame/162120/schraube-locker/credits,
"minage"":""10","maxplaytime"":""120","maxplayers"":""6","minplaytime"":""120","minplayers"":""2",https://boardgamegeek.com/boardgame/25013/fagins-gang/credits,"""averageweight"":2.4375"
"minage"":""10","maxplaytime"":""30","maxplayers"":""2","minplaytime"":""30","minplayers"":""2",https://boardgamegeek.com/boardgame/28109/malaya-v-mail-postcard-game-1/credits,
"minage"":""8","maxplaytime"":""15","maxplayers"":""4","minplaytime"":""15","minplayers"":""1",https://boardgamegeek.com/boardgame/131304/circus-grandioso/credits,"""averageweight"":1.3333333333333333"
"minage"":""4","maxplaytime"":""30","maxplayers"":""6","minplaytime"":""30","minplayers"":""2",https://boardgamegeek.com/boardgame/7307/cranium-hullabaloo/credits,"""averageweight"":1.0454545454545454"
"minage"":""0","maxplaytime"":""20","maxplayers"":""2","minplaytime"":""20","minplayers"":""2",https://boardgamegeek.com/boardgame/38949/cordoba/credits,"""averageweight"":1.2105263157894737"
"minage"":""13","maxplaytime"":""45","maxplayers"":""5","minplaytime"":""45","minplayers"":""3",https://boardgamegeek.com/boardgame/131200/quarantine-z/credits,
"minage"":""7","maxplaytime"":""30","maxplayers"":""2","minplaytime"":""30","minplayers"":""2",https://boardgamegeek.com/boardgame/33803/octego/credits,
"minage"":""0","maxplaytime"":""10","maxplayers"":""2","minplaytime"":""10","minplayers"":""2",https://boardgamegeek.com/boardgame/262622/absolutely-aces/credits,
"minage"":""7","maxplaytime"":""20","maxplayers"":""4","minplaytime"":""20","minplayers"":""2",https://boardgamegeek.com/boardgame/6119/laser-attack/credits,"""averageweight"":1.1666666666666667"
"minage"":""10","maxplaytime"":""10","maxplayers"":""2","minplaytime"":""10","minplayers"":""2",https://boardgamegeek.com/boardgame/3370/connections/credits,"""averageweight"":1.75"
"minage"":""10","maxplaytime"":""45","maxplayers"":""6","minplaytime"":""45","minplayers"":""2",https://boardgamegeek.com/boardgame/3293/konig-artus-tafelrunde/credits,"""averageweight"":1.6666666666666667"
"minage"":""8","maxplaytime"":""45","maxplayers"":""4","minplaytime"":""45","minplayers"":""2",https://boardgamegeek.com/boardgame/17909/ps/credits,"""averageweight"":2.1666666666666665"
"minage"":""8","maxplaytime"":""15","maxplayers"":""8","minplaytime"":""15","minplayers"":""3",https://boardgamegeek.com/boardgame/245503/abra-kazam/credits,
"minage"":""10","maxplaytime"":""60","maxplayers"":""4","minplaytime"":""45","minplayers"":""2",https://boardgamegeek.com/boardgame/193301/sail-away/credits,"""averageweight"":2.3333333333333335"
"minage"":""8","maxplaytime"":""15","maxplayers"":""6","minplaytime"":""15","minplayers"":""3",https://boardgamegeek.com/boardgame/165796/assel-schlamassel/credits,"""averageweight"":1.2"
"minage"":""12","maxplaytime"":""120","maxplayers"":""2","minplaytime"":""120","minplayers"":""2",https://boardgamegeek.com/boardgame/6832/siege-minas-tirith/credits,
"minage"":""8","maxplaytime"":""30","maxplayers"":""5","minplaytime"":""30","minplayers"":""2",https://boardgamegeek.com/boardgame/63015/mapominoes-africa/credits,
"minage"":""15","maxplaytime"":""60","maxplayers"":""6","minplaytime"":""10","minplayers"":""2",https://boardgamegeek.com/boardgame/233284/bergnein/credits,"""averageweight"":1.3333333333333333"
"minage"":""8","maxplaytime"":""30","maxplayers"":""2","minplaytime"":""30","minplayers"":""2",https://boardgamegeek.com/boardgame/41529/creepers/credits,"""averageweight"":2.6666666666666665"
"minage"":""8","maxplaytime"":""20","maxplayers"":""2","minplaytime"":""20","minplayers"":""2",https://boardgamegeek.com/boardgame/14715/dueling-nobles/credits,"""averageweight"":1.9285714285714286"
"minage"":""10","maxplaytime"":""45","maxplayers"":""6","minplaytime"":""45","minplayers"":""2",https://boardgamegeek.com/boardgame/98197/labyrinth-paths-destiny/credits,
"minage"":""8","maxplaytime"":""40","maxplayers"":""4","minplaytime"":""20","minplayers"":""1",https://boardgamegeek.com/boardgame/284585/world-draghan-once-upon-dragon/credits,
"minage"":""0","maxplaytime"":""30","maxplayers"":""8","minplaytime"":""30","minplayers"":""3",https://boardgamegeek.com/boardgame/32946/fluffy-bunny-tea-party/credits,"""averageweight"":1.3333333333333333"
"minage"":""15","maxplaytime"":""20","maxplayers"":""26","minplaytime"":""20","minplayers"":""8",https://boardgamegeek.com/boardgame/169465/shinobi-el-juego-del-asesino/credits,"""averageweight"":1.6666666666666667"
"minage"":""8","maxplaytime"":""30","maxplayers"":""4","minplaytime"":""30","minplayers"":""2",https://boardgamegeek.com/boardgame/13103/triolet/credits,
"minage"":""7","maxplaytime"":""45","maxplayers"":""6","minplaytime"":""45","minplayers"":""2",https://boardgamegeek.com/boardgame/1381/pokemon-master-trainer/credits,"""averageweight"":1.9402985074626866"
"minage"":""12","maxplaytime"":""240","maxplayers"":""2","minplaytime"":""240","minplayers"":""1",https://boardgamegeek.com/boardgame/10348/second-front-now/credits,"""averageweight"":2.8333333333333335"
"minage"":""8","maxplaytime"":""30","maxplayers"":""8","minplaytime"":""5","minplayers"":""2",https://boardgamegeek.com/boardgame/194094/verti-go/credits,
"minage"":""7","maxplaytime"":""0","maxplayers"":""6","minplaytime"":""20","minplayers"":""2",https://boardgamegeek.com/boardgame/257965/biberclan/credits,
"minage"":""8","maxplaytime"":""40","maxplayers"":""6","minplaytime"":""40","minplayers"":""3",https://boardgamegeek.com/boardgame/15196/flunkern/credits,"""averageweight"":1.0833333333333333"
"minage"":""13","maxplaytime"":""45","maxplayers"":""6","minplaytime"":""30","minplayers"":""2",https://boardgamegeek.com/boardgame/166300/twistocity/credits,
"minage"":""13","maxplaytime"":""30","maxplayers"":""6","minplaytime"":""15","minplayers"":""2",https://boardgamegeek.com/boardgame/148117/all-hands-deck/credits,
"minage"":""12","maxplaytime"":""45","maxplayers"":""9","minplaytime"":""25","minplayers"":""3",https://boardgamegeek.com/boardgame/173344/booze-barons/credits,
"minage"":""0","maxplaytime"":""30","maxplayers"":""5","minplaytime"":""30","minplayers"":""3",https://boardgamegeek.com/boardgame/138470/erie-railroad/credits,
"minage"":""10","maxplaytime"":""45","maxplayers"":""8","minplaytime"":""20","minplayers"":""2",https://boardgamegeek.com/boardgame/211175/undermine/credits,
"minage"":""6","maxplaytime"":""60","maxplayers"":""4","minplaytime"":""30","minplayers"":""3",https://boardgamegeek.com/boardgame/180157/magical-treehouse/credits,"""averageweight"":2.2000000000000002"
"minage"":""12","maxplaytime"":""20","maxplayers"":""20","minplaytime"":""20","minplayers"":""3",https://boardgamegeek.com/boardgame/70376/super-comics/credits,
"minage"":""4","maxplaytime"":""20","maxplayers"":""8","minplaytime"":""20","minplayers"":""1",https://boardgamegeek.com/boardgame/26244/candy/credits,"""averageweight"":1.5"
"minage"":""11","maxplaytime"":""60","maxplayers"":""2","minplaytime"":""60","minplayers"":""2",https://boardgamegeek.com/boardgame/3760/trinity-battleground/credits,"""averageweight"":2.6666666666666665"
"minage"":""7","maxplaytime"":""40","maxplayers"":""6","minplaytime"":""20","minplayers"":""2",https://boardgamegeek.com/boardgame/186442/pictopia-star-wars-edition/credits,
"minage"":""8","maxplaytime"":""120","maxplayers"":""4","minplaytime"":""120","minplayers"":""2",https://boardgamegeek.com/boardgame/42702/jackal/credits,"""averageweight"":1.5"
"minage"":""8","maxplaytime"":""20","maxplayers"":""2","minplaytime"":""20","minplayers"":""2",https://boardgamegeek.com/boardgame/151078/kung-fu/credits,"""averageweight"":1.5"
"minage"":""12","maxplaytime"":""25","maxplayers"":""5","minplaytime"":""10","minplayers"":""3",https://boardgamegeek.com/boardgame/210350/contaria/credits,"""averageweight"":2.5"
"minage"":""10","maxplaytime"":""30","maxplayers"":""2","minplaytime"":""30","minplayers"":""2",https://boardgamegeek.com/boardgame/11421/uisge/credits,
"minage"":""10","maxplaytime"":""30","maxplayers"":""4","minplaytime"":""30","minplayers"":""2",https://boardgamegeek.com/boardgame/156962/shazam/credits,
"minage"":""12","maxplaytime"":""240","maxplayers"":""2","minplaytime"":""240","minplayers"":""2",https://boardgamegeek.com/boardgame/16741/system-7-napoleonics/credits,
"minage"":""10","maxplaytime"":""15","maxplayers"":""99","minplaytime"":""15","minplayers"":""3",https://boardgamegeek.com/boardgame/137332/s-it/credits,
"minage"":""12","maxplaytime"":""20","maxplayers"":""8","minplaytime"":""20","minplayers"":""2",https://boardgamegeek.com/boardgame/30164/mechwarrior-solaris-vii/credits,
"minage"":""14","maxplaytime"":""30","maxplayers"":""2","minplaytime"":""30","minplayers"":""2",https://boardgamegeek.com/boardgame/19671/battlestar-galactica-collectible-card-game/credits,"""averageweight"":2.0416666666666665"
"minage"":""8","maxplaytime"":""30","maxplayers"":""7","minplaytime"":""30","minplayers"":""3",https://boardgamegeek.com/boardgame/18590/rpgquest/credits,"""averageweight"":2.0625"
"minage"":""0","maxplaytime"":""30","maxplayers"":""5","minplaytime"":""30","minplayers"":""2",https://boardgamegeek.com/boardgame/5902/man-eater/credits,"""averageweight"":1.2"
"minage"":""8","maxplaytime"":""20","maxplayers"":""4","minplaytime"":""20","minplayers"":""2",https://boardgamegeek.com/boardgame/227837/atlas-enchanted-lands/credits,"""averageweight"":1.5"
"minage"":""12","maxplaytime"":""360","maxplayers"":""2","minplaytime"":""360","minplayers"":""2",https://boardgamegeek.com/boardgame/9152/damned-die-hard-philippines-41/credits,"""averageweight"":3.875"
"minage"":""12","maxplaytime"":""240","maxplayers"":""2","minplaytime"":""240","minplayers"":""2",https://boardgamegeek.com/boardgame/11124/operation-sea-lion/credits,
"minage"":""12","maxplaytime"":""30","maxplayers"":""2","minplaytime"":""30","minplayers"":""2",https://boardgamegeek.com/boardgame/8103/hackenemy/credits,"""averageweight"":1.7142857142857142"
"minage"":""12","maxplaytime"":""120","maxplayers"":""2","minplaytime"":""120","minplayers"":""1",https://boardgamegeek.com/boardgame/7026/grunt-tactical-combat-vietnam-1965/credits,"""averageweight"":2.75"
"minage"":""8","maxplaytime"":""30","maxplayers"":""4","minplaytime"":""30","minplayers"":""2",https://boardgamegeek.com/boardgame/83199/mille-grazie/credits,"""averageweight"":1.3333333333333333"
"minage"":""10","maxplaytime"":""30","maxplayers"":""5","minplaytime"":""15","minplayers"":""2",https://boardgamegeek.com/boardgame/195623/politricks-dirty-card-game/credits,
"minage"":""16","maxplaytime"":""120","maxplayers"":""5","minplaytime"":""90","minplayers"":""3",https://boardgamegeek.com/boardgame/208736/lawless-empire/credits,
"minage"":""7","maxplaytime"":""20","maxplayers"":""8","minplaytime"":""20","minplayers"":""3",https://boardgamegeek.com/boardgame/257076/vollpfosten/credits,
"minage"":""6","maxplaytime"":""20","maxplayers"":""8","minplaytime"":""20","minplayers"":""3",https://boardgamegeek.com/boardgame/32016/gumball-rally/credits,"""averageweight"":1.0857142857142856"
"minage"":""10","maxplaytime"":""25","maxplayers"":""2","minplaytime"":""25","minplayers"":""2",https://boardgamegeek.com/boardgame/27857/blindside/credits,"""averageweight"":2.6666666666666665"
"minage"":""6","maxplaytime"":""30","maxplayers"":""4","minplaytime"":""30","minplayers"":""2",https://boardgamegeek.com/boardgame/5460/deck-dice/credits,"""averageweight"":1.1666666666666667"
"minage"":""0","maxplaytime"":""45","maxplayers"":""6","minplaytime"":""45","minplayers"":""2",https://boardgamegeek.com/boardgame/14196/ocean-trader/credits,
"minage"":""5","maxplaytime"":""30","maxplayers"":""8","minplaytime"":""30","minplayers"":""3",https://boardgamegeek.com/boardgame/9597/vier-zu-mir/credits,"""averageweight"":1.3999999999999999"
"minage"":""8","maxplaytime"":""20","maxplayers"":""6","minplaytime"":""15","minplayers"":""3",https://boardgamegeek.com/boardgame/163478/lunte/credits,
